time,DATE,Hour,Min,Sec,PRICE,SIZE,daytime,log_return
2010-02-01 09:00:00,99978399774,44766,216764,142931,262835.09689999995,962068,469479331.0,
2010-02-01 10:00:00,197966879649,98490,293777,298179,523709.2435000096,1634933,1014575879.0,0.6894098239607838
2010-02-01 11:00:00,117968079669,64559,150054,165490,312371.19630000216,966936,660760890.0,-0.5167444391317426
2010-02-01 12:00:00,73687336866,43992,109241,109906,194388.86039999867,622214,450954006.0,-0.4743316244549556
2010-02-01 13:00:00,74491344906,48178,107589,111015,196626.5694000001,699374,492649915.0,0.011445755122278366
2010-02-01 14:00:00,91234812339,63546,127800,129062,239898.5663999968,746077,648369062.0,0.19890985096689545
2010-02-01 15:00:00,131656316550,98250,228976,199958,346381.0972999973,1275067,1005597558.0,0.3673234121994288
2010-02-01 16:00:00,40200402,32,0,0,105.91,500,320000.0,-8.092705208330509
2010-02-01 17:00:00,0,0,0,0,0.0,0,0.0,-inf
2010-02-01 18:00:00,0,0,0,0,0.0,0,0.0,
2010-02-01 19:00:00,0,0,0,0,0.0,0,0.0,
2010-02-01 20:00:00,0,0,0,0,0.0,0,0.0,
2010-02-01 21:00:00,0,0,0,0,0.0,0,0.0,
2010-02-01 22:00:00,0,0,0,0,0.0,0,0.0,
2010-02-01 23:00:00,0,0,0,0,0.0,0,0.0,
2010-02-02 00:00:00,0,0,0,0,0.0,0,0.0,
2010-02-02 01:00:00,0,0,0,0,0.0,0,0.0,
2010-02-02 02:00:00,0,0,0,0,0.0,0,0.0,
2010-02-02 03:00:00,0,0,0,0,0.0,0,0.0,
2010-02-02 04:00:00,0,0,0,0,0.0,0,0.0,
2010-02-02 05:00:00,0,0,0,0,0.0,0,0.0,
2010-02-02 06:00:00,0,0,0,0,0.0,0,0.0,
2010-02-02 07:00:00,0,0,0,0,0.0,0,0.0,
2010-02-02 08:00:00,0,0,0,0,0.0,0,0.0,
2010-02-02 09:00:00,110611411606,49527,245536,146273,292658.90159999894,1025498,519969873.0,inf
2010-02-02 10:00:00,195574965460,97300,250392,276612,517361.32060000754,1586220,998315812.0,0.5697337372131343
2010-02-02 11:00:00,93546340108,51194,132145,126415,247703.73909999814,806350,525280915.0,-0.7365080780517856
2010-02-02 12:00:00,74632050026,44556,102291,103546,197672.08679999938,567908,455892646.0,-0.2256239011308867
2010-02-02 13:00:00,82873132846,53599,132486,132104,220077.81049999976,698907,549370704.0,0.10737163738476381
2010-02-02 14:00:00,86672071024,60368,141659,123662,230907.42450000052,739089,617969562.0,0.048035702544094505
2010-02-02 15:00:00,191896628494,143205,318854,282838,511459.3129000009,1834703,1464218238.0,0.7952511670994162
2010-02-02 16:00:00,20100202,16,0,0,53.56,100,160000.0,-9.16422079571447
2010-02-02 17:00:00,0,0,0,0,0.0,0,0.0,-inf
2010-02-02 18:00:00,0,0,0,0,0.0,0,0.0,
2010-02-02 19:00:00,0,0,0,0,0.0,0,0.0,
2010-02-02 20:00:00,0,0,0,0,0.0,0,0.0,
2010-02-02 21:00:00,0,0,0,0,0.0,0,0.0,
2010-02-02 22:00:00,0,0,0,0,0.0,0,0.0,
2010-02-02 23:00:00,0,0,0,0,0.0,0,0.0,
2010-02-03 00:00:00,0,0,0,0,0.0,0,0.0,
2010-02-03 01:00:00,0,0,0,0,0.0,0,0.0,
2010-02-03 02:00:00,0,0,0,0,0.0,0,0.0,
2010-02-03 03:00:00,0,0,0,0,0.0,0,0.0,
2010-02-03 04:00:00,0,0,0,0,0.0,0,0.0,
2010-02-03 05:00:00,0,0,0,0,0.0,0,0.0,
2010-02-03 06:00:00,0,0,0,0,0.0,0,0.0,
2010-02-03 07:00:00,0,0,0,0,0.0,0,0.0,
2010-02-03 08:00:00,0,0,0,0,0.0,0,0.0,
2010-02-03 09:00:00,80682214842,36126,170154,114337,215683.31390000085,827863,378389737.0,inf
2010-02-03 10:00:00,130530718282,64940,183698,176377,347246.43430000066,1116401,667946177.0,0.4762235206888657
2010-02-03 11:00:00,128540798185,70345,175431,183534,343619.2770999942,1472955,721176634.0,-0.010500421333043786
2010-02-03 12:00:00,73365740950,43800,98872,106850,195650.88460000447,663343,447994050.0,-0.5632024218688134
2010-02-03 13:00:00,84400752397,54587,107184,124051,225999.09999999814,737348,556712451.0,0.14419914697811417
2010-02-03 14:00:00,71556722680,49840,107703,100319,190298.03119999965,633542,509270619.0,-0.17193958848471638
2010-02-03 15:00:00,113405345326,84630,195777,164526,301555.0527999963,1004482,866042226.0,0.46036116737137145
2010-02-03 16:00:00,40200406,32,0,0,106.67,200,320000.0,-7.946967918194864
2010-02-03 17:00:00,0,0,0,0,0.0,0,0.0,-inf
2010-02-03 18:00:00,0,0,0,0,0.0,0,0.0,
2010-02-03 19:00:00,0,0,0,0,0.0,0,0.0,
2010-02-03 20:00:00,0,0,0,0,0.0,0,0.0,
2010-02-03 21:00:00,0,0,0,0,0.0,0,0.0,
2010-02-03 22:00:00,0,0,0,0,0.0,0,0.0,
2010-02-03 23:00:00,0,0,0,0,0.0,0,0.0,
2010-02-04 00:00:00,0,0,0,0,0.0,0,0.0,
2010-02-04 01:00:00,0,0,0,0,0.0,0,0.0,
2010-02-04 02:00:00,0,0,0,0,0.0,0,0.0,
2010-02-04 03:00:00,0,0,0,0,0.0,0,0.0,
2010-02-04 04:00:00,0,0,0,0,0.0,0,0.0,
2010-02-04 05:00:00,0,0,0,0,0.0,0,0.0,
2010-02-04 06:00:00,0,0,0,0,0.0,0,0.0,
2010-02-04 07:00:00,0,0,0,0,0.0,0,0.0,
2010-02-04 08:00:00,0,0,0,0,0.0,0,0.0,
2010-02-04 09:00:00,182751054768,81828,407818,258931,475633.2136999951,1818249,859320731.0,inf
2010-02-04 10:00:00,223494168276,111190,291036,338219,578405.9170999724,1906818,1141341819.0,0.19562890316565124
2010-02-04 11:00:00,163716161580,89595,233383,246356,423565.76230000146,1352807,919534656.0,-0.31156711599201603
2010-02-04 12:00:00,118651504212,70836,187215,179594,306007.84339999856,1097783,727261094.0,-0.3250980512677045
2010-02-04 13:00:00,110510921592,71474,180275,155201,285270.54889999976,1039061,732922701.0,-0.07017270929037364
2010-02-04 14:00:00,161786541996,112686,219102,244255,417021.3789000024,1473829,1149014455.0,0.3796994644703029
2010-02-04 15:00:00,254428382232,189870,445048,367935,653049.4387000162,2658478,1943572735.0,0.4485153476878337
2010-02-04 16:00:00,80400816,64,0,0,205.66000000000003,1200,640000.0,-8.06318379569888
2010-02-04 17:00:00,0,0,0,0,0.0,0,0.0,-inf
2010-02-04 18:00:00,0,0,0,0,0.0,0,0.0,
2010-02-04 19:00:00,0,0,0,0,0.0,0,0.0,
2010-02-04 20:00:00,0,0,0,0,0.0,0,0.0,
2010-02-04 21:00:00,0,0,0,0,0.0,0,0.0,
2010-02-04 22:00:00,0,0,0,0,0.0,0,0.0,
2010-02-04 23:00:00,0,0,0,0,0.0,0,0.0,
2010-02-05 00:00:00,0,0,0,0,0.0,0,0.0,
2010-02-05 01:00:00,0,0,0,0,0.0,0,0.0,
2010-02-05 02:00:00,0,0,0,0,0.0,0,0.0,
2010-02-05 03:00:00,0,0,0,0,0.0,0,0.0,
2010-02-05 04:00:00,0,0,0,0,0.0,0,0.0,
2010-02-05 05:00:00,0,0,0,0,0.0,0,0.0,
2010-02-05 06:00:00,0,0,0,0,0.0,0,0.0,
2010-02-05 07:00:00,0,0,0,0,0.0,0,0.0,
2010-02-05 08:00:00,0,0,0,0,0.0,0,0.0,
2010-02-05 09:00:00,224820792925,100665,501186,331494,571250.302700009,2238384,1057100094.0,inf
2010-02-05 10:00:00,301683976845,150090,386006,445981,773131.2679999917,2602235,1539946581.0,0.30262137837150427
2010-02-05 11:00:00,184479681490,100958,284339,266937,473647.6516000096,1466712,1038280837.0,-0.48998515625253025
2010-02-05 12:00:00,130771933730,78072,192340,188989,335743.1228999983,1136946,800142989.0,-0.3441173418239902
2010-02-05 13:00:00,179514930855,116103,298153,277679,456228.6531999988,1722725,1191122979.0,0.3066477639014153
2010-02-05 14:00:00,224117285750,156100,311407,322147,568410.5566000117,2287334,1592462847.0,0.219849852239386
2010-02-05 15:00:00,404717627675,302025,633728,601309,1039108.1951000117,3774305,3084224109.0,0.6032741510217464
2010-02-05 16:00:00,40200410,32,0,0,103.53,300,320000.0,-9.214011972760527
2010-02-05 17:00:00,0,0,0,0,0.0,0,0.0,-inf
2010-02-05 18:00:00,0,0,0,0,0.0,0,0.0,
2010-02-05 19:00:00,0,0,0,0,0.0,0,0.0,
2010-02-05 20:00:00,0,0,0,0,0.0,0,0.0,
2010-02-05 21:00:00,0,0,0,0,0.0,0,0.0,
2010-02-05 22:00:00,0,0,0,0,0.0,0,0.0,
2010-02-05 23:00:00,0,0,0,0,0.0,0,0.0,
2010-02-06 00:00:00,0,0,0,0,0.0,0,0.0,
2010-02-06 01:00:00,0,0,0,0,0.0,0,0.0,
2010-02-06 02:00:00,0,0,0,0,0.0,0,0.0,
2010-02-06 03:00:00,0,0,0,0,0.0,0,0.0,
2010-02-06 04:00:00,0,0,0,0,0.0,0,0.0,
2010-02-06 05:00:00,0,0,0,0,0.0,0,0.0,
2010-02-06 06:00:00,0,0,0,0,0.0,0,0.0,
2010-02-06 07:00:00,0,0,0,0,0.0,0,0.0,
2010-02-06 08:00:00,0,0,0,0,0.0,0,0.0,
2010-02-06 09:00:00,0,0,0,0,0.0,0,0.0,
2010-02-06 10:00:00,0,0,0,0,0.0,0,0.0,
2010-02-06 11:00:00,0,0,0,0,0.0,0,0.0,
2010-02-06 12:00:00,0,0,0,0,0.0,0,0.0,
2010-02-06 13:00:00,0,0,0,0,0.0,0,0.0,
2010-02-06 14:00:00,0,0,0,0,0.0,0,0.0,
2010-02-06 15:00:00,0,0,0,0,0.0,0,0.0,
2010-02-06 16:00:00,0,0,0,0,0.0,0,0.0,
2010-02-06 17:00:00,0,0,0,0,0.0,0,0.0,
2010-02-06 18:00:00,0,0,0,0,0.0,0,0.0,
2010-02-06 19:00:00,0,0,0,0,0.0,0,0.0,
2010-02-06 20:00:00,0,0,0,0,0.0,0,0.0,
2010-02-06 21:00:00,0,0,0,0,0.0,0,0.0,
2010-02-06 22:00:00,0,0,0,0,0.0,0,0.0,
2010-02-06 23:00:00,0,0,0,0,0.0,0,0.0,
2010-02-07 00:00:00,0,0,0,0,0.0,0,0.0,
2010-02-07 01:00:00,0,0,0,0,0.0,0,0.0,
2010-02-07 02:00:00,0,0,0,0,0.0,0,0.0,
2010-02-07 03:00:00,0,0,0,0,0.0,0,0.0,
2010-02-07 04:00:00,0,0,0,0,0.0,0,0.0,
2010-02-07 05:00:00,0,0,0,0,0.0,0,0.0,
2010-02-07 06:00:00,0,0,0,0,0.0,0,0.0,
2010-02-07 07:00:00,0,0,0,0,0.0,0,0.0,
2010-02-07 08:00:00,0,0,0,0,0.0,0,0.0,
2010-02-07 09:00:00,0,0,0,0,0.0,0,0.0,
2010-02-07 10:00:00,0,0,0,0,0.0,0,0.0,
2010-02-07 11:00:00,0,0,0,0,0.0,0,0.0,
2010-02-07 12:00:00,0,0,0,0,0.0,0,0.0,
2010-02-07 13:00:00,0,0,0,0,0.0,0,0.0,
2010-02-07 14:00:00,0,0,0,0,0.0,0,0.0,
2010-02-07 15:00:00,0,0,0,0,0.0,0,0.0,
2010-02-07 16:00:00,0,0,0,0,0.0,0,0.0,
2010-02-07 17:00:00,0,0,0,0,0.0,0,0.0,
2010-02-07 18:00:00,0,0,0,0,0.0,0,0.0,
2010-02-07 19:00:00,0,0,0,0,0.0,0,0.0,
2010-02-07 20:00:00,0,0,0,0,0.0,0,0.0,
2010-02-07 21:00:00,0,0,0,0,0.0,0,0.0,
2010-02-07 22:00:00,0,0,0,0,0.0,0,0.0,
2010-02-07 23:00:00,0,0,0,0,0.0,0,0.0,
2010-02-08 00:00:00,0,0,0,0,0.0,0,0.0,
2010-02-08 01:00:00,0,0,0,0,0.0,0,0.0,
2010-02-08 02:00:00,0,0,0,0,0.0,0,0.0,
2010-02-08 03:00:00,0,0,0,0,0.0,0,0.0,
2010-02-08 04:00:00,0,0,0,0,0.0,0,0.0,
2010-02-08 05:00:00,0,0,0,0,0.0,0,0.0,
2010-02-08 06:00:00,0,0,0,0,0.0,0,0.0,
2010-02-08 07:00:00,0,0,0,0,0.0,0,0.0,
2010-02-08 08:00:00,0,0,0,0,0.0,0,0.0,
2010-02-08 09:00:00,179896861600,80550,409718,232881,456241.7287000028,1769957,846704681.0,inf
2010-02-08 10:00:00,233705118416,116270,268943,334562,598541.8416999907,2150604,1189928862.0,0.2714736576427179
2010-02-08 11:00:00,110872747328,60676,138935,155812,286173.4054000002,1010553,620809312.0,-0.737898493824331
2010-02-08 12:00:00,63074452704,37656,79477,91308,162429.72860000108,551133,384599008.0,-0.5663524708177439
2010-02-08 13:00:00,103576371824,66989,141592,146161,264743.38289999973,939348,684195361.0,0.488515521545152
2010-02-08 14:00:00,62451346256,43498,92091,87287,159409.55509999907,533187,444276387.0,-0.5072842816763099
2010-02-08 15:00:00,170128160512,126960,301435,244559,431446.77379999915,1488768,1299988059.0,0.9956674426255899
2010-02-08 16:00:00,40200416,32,0,0,101.58,200,320000.0,-8.354052764959778
2010-02-08 17:00:00,0,0,0,0,0.0,0,0.0,-inf
2010-02-08 18:00:00,0,0,0,0,0.0,0,0.0,
2010-02-08 19:00:00,0,0,0,0,0.0,0,0.0,
2010-02-08 20:00:00,0,0,0,0,0.0,0,0.0,
2010-02-08 21:00:00,0,0,0,0,0.0,0,0.0,
2010-02-08 22:00:00,0,0,0,0,0.0,0,0.0,
2010-02-08 23:00:00,0,0,0,0,0.0,0,0.0,
2010-02-09 00:00:00,0,0,0,0,0.0,0,0.0,
2010-02-09 01:00:00,0,0,0,0,0.0,0,0.0,
2010-02-09 02:00:00,0,0,0,0,0.0,0,0.0,
2010-02-09 03:00:00,0,0,0,0,0.0,0,0.0,
2010-02-09 04:00:00,0,0,0,0,0.0,0,0.0,
2010-02-09 05:00:00,0,0,0,0,0.0,0,0.0,
2010-02-09 06:00:00,0,0,0,0,0.0,0,0.0,
2010-02-09 07:00:00,0,0,0,0,0.0,0,0.0,
2010-02-09 08:00:00,0,0,0,0,0.0,0,0.0,
2010-02-09 09:00:00,238147276232,106632,519917,328703,628796.2305999696,2389818,1118640403.0,inf
2010-02-09 10:00:00,260297706550,129500,350990,388590,690270.4560999799,2254213,1330487590.0,0.09327623965113427
2010-02-09 11:00:00,333583068564,182556,517084,473039,882525.0326999679,3607083,1877741439.0,0.24570366791560008
2010-02-09 12:00:00,258971092756,154608,400441,376183,693807.2501000031,2183398,1586500283.0,-0.2405929697483324
2010-02-09 13:00:00,142811984945,92365,175554,211299,383388.012900003,1184982,941416699.0,-0.5931466194579399
2010-02-09 14:00:00,116259608856,80976,192178,172989,310316.9761000007,991328,829150789.0,-0.2114532862376654
2010-02-09 15:00:00,248398382822,185370,431555,360547,663791.2628999894,2619913,1897216047.0,0.7603734583246679
2010-02-09 16:00:00,40200418,32,0,0,107.08,1047,320000.0,-8.732146797281555
2010-02-09 17:00:00,0,0,0,0,0.0,0,0.0,-inf
2010-02-09 18:00:00,0,0,0,0,0.0,0,0.0,
2010-02-09 19:00:00,0,0,0,0,0.0,0,0.0,
2010-02-09 20:00:00,0,0,0,0,0.0,0,0.0,
2010-02-09 21:00:00,0,0,0,0,0.0,0,0.0,
2010-02-09 22:00:00,0,0,0,0,0.0,0,0.0,
2010-02-09 23:00:00,0,0,0,0,0.0,0,0.0,
2010-02-10 00:00:00,0,0,0,0,0.0,0,0.0,
2010-02-10 01:00:00,0,0,0,0,0.0,0,0.0,
2010-02-10 02:00:00,0,0,0,0,0.0,0,0.0,
2010-02-10 03:00:00,0,0,0,0,0.0,0,0.0,
2010-02-10 04:00:00,0,0,0,0,0.0,0,0.0,
2010-02-10 05:00:00,0,0,0,0,0.0,0,0.0,
2010-02-10 06:00:00,0,0,0,0,0.0,0,0.0,
2010-02-10 07:00:00,0,0,0,0,0.0,0,0.0,
2010-02-10 08:00:00,0,0,0,0,0.0,0,0.0,
2010-02-10 09:00:00,129646354500,58050,282665,195708,345616.6429999956,1336770,608962208.0,inf
2010-02-10 10:00:00,206991962580,102980,259113,290947,544024.7227999945,2065648,1056002247.0,0.45366449954772037
2010-02-10 11:00:00,110430553740,60434,144585,154746,291355.68300000334,935646,618953246.0,-0.62444989299885
2010-02-10 12:00:00,108420532740,64728,156203,154553,287206.9531000005,951887,663054853.0,-0.014341752308727173
2010-02-10 13:00:00,111475764660,72098,168438,158512,296697.59770000045,912463,737982312.0,0.032510383694062575
2010-02-10 14:00:00,102109066800,71120,151853,155495,270879.32629999873,826425,726540795.0,-0.09103999923071628
2010-02-10 15:00:00,149264159460,111390,270288,214538,394591.5850000017,1286705,1141143338.0,0.3761778366657487
2010-02-10 16:00:00,20100210,16,0,0,53.11,200,160000.0,-8.913241312516156
2010-02-10 17:00:00,0,0,0,0,0.0,0,0.0,-inf
2010-02-10 18:00:00,0,0,0,0,0.0,0,0.0,
2010-02-10 19:00:00,0,0,0,0,0.0,0,0.0,
2010-02-10 20:00:00,0,0,0,0,0.0,0,0.0,
2010-02-10 21:00:00,0,0,0,0,0.0,0,0.0,
2010-02-10 22:00:00,0,0,0,0,0.0,0,0.0,
2010-02-10 23:00:00,0,0,0,0,0.0,0,0.0,
2010-02-11 00:00:00,0,0,0,0,0.0,0,0.0,
2010-02-11 01:00:00,0,0,0,0,0.0,0,0.0,
2010-02-11 02:00:00,0,0,0,0,0.0,0,0.0,
2010-02-11 03:00:00,0,0,0,0,0.0,0,0.0,
2010-02-11 04:00:00,0,0,0,0,0.0,0,0.0,
2010-02-11 05:00:00,0,0,0,0,0.0,0,0.0,
2010-02-11 06:00:00,0,0,0,0,0.0,0,0.0,
2010-02-11 07:00:00,0,0,0,0,0.0,0,0.0,
2010-02-11 08:00:00,0,0,0,0,0.0,0,0.0,
2010-02-11 09:00:00,97345321873,43587,216655,129170,256761.69880000094,845609,457664670.0,inf
2010-02-11 10:00:00,182590316724,90840,271058,276184,486278.4745000083,1605567,935781984.0,0.6386330398841061
2010-02-11 11:00:00,209424098409,114609,334976,287704,566241.0335000068,2123279,1179875304.0,0.15223838919212282
2010-02-11 12:00:00,254729974003,152076,386781,362930,699751.181599997,2934292,1559801030.0,0.2117049752039099
2010-02-11 13:00:00,241142231367,155961,358272,335546,668132.6418999869,2907238,1595772746.0,-0.04623809745357948
2010-02-11 14:00:00,208841192290,145460,337244,309890,582584.2537999897,2346350,1488634290.0,-0.13701290284665432
2010-02-11 15:00:00,269905633308,201420,470434,386648,753331.6114999438,3359654,2061630048.0,0.2570317012790946
2010-02-11 16:00:00,40200422,32,0,0,112.28,1173,320000.0,-8.811265045464522
2010-02-11 17:00:00,0,0,0,0,0.0,0,0.0,-inf
2010-02-11 18:00:00,0,0,0,0,0.0,0,0.0,
2010-02-11 19:00:00,0,0,0,0,0.0,0,0.0,
2010-02-11 20:00:00,0,0,0,0,0.0,0,0.0,
2010-02-11 21:00:00,0,0,0,0,0.0,0,0.0,
2010-02-11 22:00:00,0,0,0,0,0.0,0,0.0,
2010-02-11 23:00:00,0,0,0,0,0.0,0,0.0,
2010-02-12 00:00:00,0,0,0,0,0.0,0,0.0,
2010-02-12 01:00:00,0,0,0,0,0.0,0,0.0,
2010-02-12 02:00:00,0,0,0,0,0.0,0,0.0,
2010-02-12 03:00:00,0,0,0,0,0.0,0,0.0,
2010-02-12 04:00:00,0,0,0,0,0.0,0,0.0,
2010-02-12 05:00:00,0,0,0,0,0.0,0,0.0,
2010-02-12 06:00:00,0,0,0,0,0.0,0,0.0,
2010-02-12 07:00:00,0,0,0,0,0.0,0,0.0,
2010-02-12 08:00:00,0,0,0,0,0.0,0,0.0,
2010-02-12 09:00:00,247936115020,111015,545214,334840,678789.3911000369,2573400,1165006240.0,inf
2010-02-12 10:00:00,271453363060,135050,332302,386450,748885.7361999794,2456077,1384116650.0,0.09827551240524125
2010-02-12 11:00:00,140882385908,77099,189719,210349,389471.7725000013,1242520,790172249.0,-0.6537950251714545
2010-02-12 12:00:00,185605357608,110808,225984,248520,519728.4118000077,1731519,1130926920.0,0.28851499856933704
2010-02-12 13:00:00,146088340816,94484,208428,203128,406877.90190000227,1406581,965885928.0,-0.24479324503386457
2010-02-12 14:00:00,144098419828,100366,199501,205839,403339.42210000905,1245961,1023815939.0,-0.00873469917884727
2010-02-12 15:00:00,212479341052,158565,378379,307037,592628.1304999855,2108172,1623794937.0,0.3847886577137163
2010-02-12 16:00:00,20100212,16,0,0,56.22,900,160000.0,-9.263049817141924
2010-02-12 17:00:00,0,0,0,0,0.0,0,0.0,-inf
2010-02-12 18:00:00,0,0,0,0,0.0,0,0.0,
2010-02-12 19:00:00,0,0,0,0,0.0,0,0.0,
2010-02-12 20:00:00,0,0,0,0,0.0,0,0.0,
2010-02-12 21:00:00,0,0,0,0,0.0,0,0.0,
2010-02-12 22:00:00,0,0,0,0,0.0,0,0.0,
2010-02-12 23:00:00,0,0,0,0,0.0,0,0.0,
2010-02-13 00:00:00,0,0,0,0,0.0,0,0.0,
2010-02-13 01:00:00,0,0,0,0,0.0,0,0.0,
2010-02-13 02:00:00,0,0,0,0,0.0,0,0.0,
2010-02-13 03:00:00,0,0,0,0,0.0,0,0.0,
2010-02-13 04:00:00,0,0,0,0,0.0,0,0.0,
2010-02-13 05:00:00,0,0,0,0,0.0,0,0.0,
2010-02-13 06:00:00,0,0,0,0,0.0,0,0.0,
2010-02-13 07:00:00,0,0,0,0,0.0,0,0.0,
2010-02-13 08:00:00,0,0,0,0,0.0,0,0.0,
2010-02-13 09:00:00,0,0,0,0,0.0,0,0.0,
2010-02-13 10:00:00,0,0,0,0,0.0,0,0.0,
2010-02-13 11:00:00,0,0,0,0,0.0,0,0.0,
2010-02-13 12:00:00,0,0,0,0,0.0,0,0.0,
2010-02-13 13:00:00,0,0,0,0,0.0,0,0.0,
2010-02-13 14:00:00,0,0,0,0,0.0,0,0.0,
2010-02-13 15:00:00,0,0,0,0,0.0,0,0.0,
2010-02-13 16:00:00,0,0,0,0,0.0,0,0.0,
2010-02-13 17:00:00,0,0,0,0,0.0,0,0.0,
2010-02-13 18:00:00,0,0,0,0,0.0,0,0.0,
2010-02-13 19:00:00,0,0,0,0,0.0,0,0.0,
2010-02-13 20:00:00,0,0,0,0,0.0,0,0.0,
2010-02-13 21:00:00,0,0,0,0,0.0,0,0.0,
2010-02-13 22:00:00,0,0,0,0,0.0,0,0.0,
2010-02-13 23:00:00,0,0,0,0,0.0,0,0.0,
2010-02-14 00:00:00,0,0,0,0,0.0,0,0.0,
2010-02-14 01:00:00,0,0,0,0,0.0,0,0.0,
2010-02-14 02:00:00,0,0,0,0,0.0,0,0.0,
2010-02-14 03:00:00,0,0,0,0,0.0,0,0.0,
2010-02-14 04:00:00,0,0,0,0,0.0,0,0.0,
2010-02-14 05:00:00,0,0,0,0,0.0,0,0.0,
2010-02-14 06:00:00,0,0,0,0,0.0,0,0.0,
2010-02-14 07:00:00,0,0,0,0,0.0,0,0.0,
2010-02-14 08:00:00,0,0,0,0,0.0,0,0.0,
2010-02-14 09:00:00,0,0,0,0,0.0,0,0.0,
2010-02-14 10:00:00,0,0,0,0,0.0,0,0.0,
2010-02-14 11:00:00,0,0,0,0,0.0,0,0.0,
2010-02-14 12:00:00,0,0,0,0,0.0,0,0.0,
2010-02-14 13:00:00,0,0,0,0,0.0,0,0.0,
2010-02-14 14:00:00,0,0,0,0,0.0,0,0.0,
2010-02-14 15:00:00,0,0,0,0,0.0,0,0.0,
2010-02-14 16:00:00,0,0,0,0,0.0,0,0.0,
2010-02-14 17:00:00,0,0,0,0,0.0,0,0.0,
2010-02-14 18:00:00,0,0,0,0,0.0,0,0.0,
2010-02-14 19:00:00,0,0,0,0,0.0,0,0.0,
2010-02-14 20:00:00,0,0,0,0,0.0,0,0.0,
2010-02-14 21:00:00,0,0,0,0,0.0,0,0.0,
2010-02-14 22:00:00,0,0,0,0,0.0,0,0.0,
2010-02-14 23:00:00,0,0,0,0,0.0,0,0.0,
2010-02-15 00:00:00,0,0,0,0,0.0,0,0.0,
2010-02-15 01:00:00,0,0,0,0,0.0,0,0.0,
2010-02-15 02:00:00,0,0,0,0,0.0,0,0.0,
2010-02-15 03:00:00,0,0,0,0,0.0,0,0.0,
2010-02-15 04:00:00,0,0,0,0,0.0,0,0.0,
2010-02-15 05:00:00,0,0,0,0,0.0,0,0.0,
2010-02-15 06:00:00,0,0,0,0,0.0,0,0.0,
2010-02-15 07:00:00,0,0,0,0,0.0,0,0.0,
2010-02-15 08:00:00,0,0,0,0,0.0,0,0.0,
2010-02-15 09:00:00,0,0,0,0,0.0,0,0.0,
2010-02-15 10:00:00,0,0,0,0,0.0,0,0.0,
2010-02-15 11:00:00,0,0,0,0,0.0,0,0.0,
2010-02-15 12:00:00,0,0,0,0,0.0,0,0.0,
2010-02-15 13:00:00,0,0,0,0,0.0,0,0.0,
2010-02-15 14:00:00,0,0,0,0,0.0,0,0.0,
2010-02-15 15:00:00,0,0,0,0,0.0,0,0.0,
2010-02-15 16:00:00,0,0,0,0,0.0,0,0.0,
2010-02-15 17:00:00,0,0,0,0,0.0,0,0.0,
2010-02-15 18:00:00,0,0,0,0,0.0,0,0.0,
2010-02-15 19:00:00,0,0,0,0,0.0,0,0.0,
2010-02-15 20:00:00,0,0,0,0,0.0,0,0.0,
2010-02-15 21:00:00,0,0,0,0,0.0,0,0.0,
2010-02-15 22:00:00,0,0,0,0,0.0,0,0.0,
2010-02-15 23:00:00,0,0,0,0,0.0,0,0.0,
2010-02-16 00:00:00,0,0,0,0,0.0,0,0.0,
2010-02-16 01:00:00,0,0,0,0,0.0,0,0.0,
2010-02-16 02:00:00,0,0,0,0,0.0,0,0.0,
2010-02-16 03:00:00,0,0,0,0,0.0,0,0.0,
2010-02-16 04:00:00,0,0,0,0,0.0,0,0.0,
2010-02-16 05:00:00,0,0,0,0,0.0,0,0.0,
2010-02-16 06:00:00,0,0,0,0,0.0,0,0.0,
2010-02-16 07:00:00,0,0,0,0,0.0,0,0.0,
2010-02-16 08:00:00,0,0,0,0,0.0,0,0.0,
2010-02-16 09:00:00,128420280024,57501,288698,184612,361342.7149000002,1256652,604064412.0,inf
2010-02-16 10:00:00,136882470960,68100,195413,213875,386230.5592999978,1147037,700755175.0,0.0666076382960538
2010-02-16 11:00:00,102249798792,55957,152285,143209,289459.7998999991,970314,574941709.0,-0.2884180681138794
2010-02-16 12:00:00,63436281696,37872,87522,99317,179952.8413000016,563255,387571517.0,-0.475321603135654
2010-02-16 13:00:00,72682381056,47008,100832,100849,205670.86939999912,619718,480264049.0,0.13358234592610504
2010-02-16 14:00:00,67798028568,47222,111243,94285,191897.09140000062,713515,483438585.0,-0.06931792366617937
2010-02-16 15:00:00,162771549168,121470,304248,231460,461987.75250000024,1801773,1245356260.0,0.8785791349438264
2010-02-16 16:00:00,60300648,48,0,0,171.29000000000002,888,480000.0,-7.899935633462333
2010-02-16 17:00:00,0,0,0,0,0.0,0,0.0,-inf
2010-02-16 18:00:00,0,0,0,0,0.0,0,0.0,
2010-02-16 19:00:00,0,0,0,0,0.0,0,0.0,
2010-02-16 20:00:00,0,0,0,0,0.0,0,0.0,
2010-02-16 21:00:00,0,0,0,0,0.0,0,0.0,
2010-02-16 22:00:00,0,0,0,0,0.0,0,0.0,
2010-02-16 23:00:00,0,0,0,0,0.0,0,0.0,
2010-02-17 00:00:00,0,0,0,0,0.0,0,0.0,
2010-02-17 01:00:00,0,0,0,0,0.0,0,0.0,
2010-02-17 02:00:00,0,0,0,0,0.0,0,0.0,
2010-02-17 03:00:00,0,0,0,0,0.0,0,0.0,
2010-02-17 04:00:00,0,0,0,0,0.0,0,0.0,
2010-02-17 05:00:00,0,0,0,0,0.0,0,0.0,
2010-02-17 06:00:00,0,0,0,0,0.0,0,0.0,
2010-02-17 07:00:00,0,0,0,0,0.0,0,0.0,
2010-02-17 08:00:00,0,0,0,0,0.0,0,0.0,
2010-02-17 09:00:00,166972502619,74763,362194,238402,481522.11010000785,1667357,784087802.0,inf
2010-02-17 10:00:00,181746162114,90420,261096,255215,521769.19789999723,1540716,930564815.0,0.08027319109406948
2010-02-17 11:00:00,117324966629,64207,148635,164367,335849.5841000031,1017224,657097867.0,-0.44056194712714886
2010-02-17 12:00:00,76220022864,45504,101860,114203,218216.21839999955,695909,465340203.0,-0.4311769945855711
2010-02-17 13:00:00,69064345612,44668,93901,105861,197410.38800000108,568353,456175961.0,-0.10020164904782904
2010-02-17 14:00:00,107857764422,75124,130925,159093,307818.9793999973,936614,764491593.0,0.4442271312440041
2010-02-17 15:00:00,146188878241,109095,271680,219856,418425.2851999966,1558276,1118337856.0,0.3069864630308282
2010-02-17 16:00:00,40200434,32,0,0,115.04,931,320000.0,-8.198973729012494
2010-02-17 17:00:00,0,0,0,0,0.0,0,0.0,-inf
2010-02-17 18:00:00,0,0,0,0,0.0,0,0.0,
2010-02-17 19:00:00,0,0,0,0,0.0,0,0.0,
2010-02-17 20:00:00,0,0,0,0,0.0,0,0.0,
2010-02-17 21:00:00,0,0,0,0,0.0,0,0.0,
2010-02-17 22:00:00,0,0,0,0,0.0,0,0.0,
2010-02-17 23:00:00,0,0,0,0,0.0,0,0.0,
2010-02-18 00:00:00,0,0,0,0,0.0,0,0.0,
2010-02-18 01:00:00,0,0,0,0,0.0,0,0.0,
2010-02-18 02:00:00,0,0,0,0,0.0,0,0.0,
2010-02-18 03:00:00,0,0,0,0,0.0,0,0.0,
2010-02-18 04:00:00,0,0,0,0,0.0,0,0.0,
2010-02-18 05:00:00,0,0,0,0,0.0,0,0.0,
2010-02-18 06:00:00,0,0,0,0,0.0,0,0.0,
2010-02-18 07:00:00,0,0,0,0,0.0,0,0.0,
2010-02-18 08:00:00,0,0,0,0,0.0,0,0.0,
2010-02-18 09:00:00,122108824350,54675,261882,182190,349568.31669999886,1254867,573120390.0,inf
2010-02-18 10:00:00,146048183988,72660,170378,224652,419643.6601999997,1240050,743862452.0,0.18270691067720765
2010-02-18 11:00:00,91275089938,49951,139801,133443,261967.34679999997,741541,513623543.0,-0.47118605760363913
2010-02-18 12:00:00,55235399064,32976,80073,81793,157999.6303999982,485921,337849093.0,-0.5056271716760021
2010-02-18 13:00:00,48883730176,31616,78716,70873,139873.7358999998,617106,324102473.0,-0.12185256454724332
2010-02-18 14:00:00,92621804544,64512,135838,139484,266283.2037000004,841330,658843284.0,0.6438202887440737
2010-02-18 15:00:00,131636327682,98235,230432,190927,378980.82100000826,1382397,1005584127.0,0.3529251815998321
2010-02-18 16:00:00,40200436,32,0,0,115.69,400,320000.0,-8.094326678521716
2010-02-18 17:00:00,0,0,0,0,0.0,0,0.0,-inf
2010-02-18 18:00:00,0,0,0,0,0.0,0,0.0,
2010-02-18 19:00:00,0,0,0,0,0.0,0,0.0,
2010-02-18 20:00:00,0,0,0,0,0.0,0,0.0,
2010-02-18 21:00:00,0,0,0,0,0.0,0,0.0,
2010-02-18 22:00:00,0,0,0,0,0.0,0,0.0,
2010-02-18 23:00:00,0,0,0,0,0.0,0,0.0,
2010-02-19 00:00:00,0,0,0,0,0.0,0,0.0,
2010-02-19 01:00:00,0,0,0,0,0.0,0,0.0,
2010-02-19 02:00:00,0,0,0,0,0.0,0,0.0,
2010-02-19 03:00:00,0,0,0,0,0.0,0,0.0,
2010-02-19 04:00:00,0,0,0,0,0.0,0,0.0,
2010-02-19 05:00:00,0,0,0,0,0.0,0,0.0,
2010-02-19 06:00:00,0,0,0,0,0.0,0,0.0,
2010-02-19 07:00:00,0,0,0,0,0.0,0,0.0,
2010-02-19 08:00:00,0,0,0,0,0.0,0,0.0,
2010-02-19 09:00:00,103455827193,46323,231471,141304,296661.025899997,1454876,486518404.0,inf
2010-02-19 10:00:00,108119078001,53790,135064,155931,309640.23530000297,943686,551562331.0,0.042820932193897175
2010-02-19 11:00:00,94089125139,51491,139120,134144,271538.1087000022,839778,528956144.0,-0.13130859919110285
2010-02-19 12:00:00,80481276876,48048,99832,119100,233143.05639999933,728024,490582300.0,-0.15245025193463677
2010-02-19 13:00:00,88782667323,57421,129459,128373,257787.26570000223,805712,587284273.0,0.10048245211639263
2010-02-19 14:00:00,102269914272,71232,164335,151004,296468.29999999894,912185,728904504.0,0.13980560548381418
2010-02-19 15:00:00,193163104590,144150,357387,279186,559941.7127000138,2091629,1477517886.0,0.6358923951223295
2010-02-19 16:00:00,20100219,16,0,0,58.22,300,160000.0,-9.17135903451243
2010-02-19 17:00:00,0,0,0,0,0.0,0,0.0,-inf
2010-02-19 18:00:00,0,0,0,0,0.0,0,0.0,
2010-02-19 19:00:00,0,0,0,0,0.0,0,0.0,
2010-02-19 20:00:00,0,0,0,0,0.0,0,0.0,
2010-02-19 21:00:00,0,0,0,0,0.0,0,0.0,
2010-02-19 22:00:00,0,0,0,0,0.0,0,0.0,
2010-02-19 23:00:00,0,0,0,0,0.0,0,0.0,
2010-02-20 00:00:00,0,0,0,0,0.0,0,0.0,
2010-02-20 01:00:00,0,0,0,0,0.0,0,0.0,
2010-02-20 02:00:00,0,0,0,0,0.0,0,0.0,
2010-02-20 03:00:00,0,0,0,0,0.0,0,0.0,
2010-02-20 04:00:00,0,0,0,0,0.0,0,0.0,
2010-02-20 05:00:00,0,0,0,0,0.0,0,0.0,
2010-02-20 06:00:00,0,0,0,0,0.0,0,0.0,
2010-02-20 07:00:00,0,0,0,0,0.0,0,0.0,
2010-02-20 08:00:00,0,0,0,0,0.0,0,0.0,
2010-02-20 09:00:00,0,0,0,0,0.0,0,0.0,
2010-02-20 10:00:00,0,0,0,0,0.0,0,0.0,
2010-02-20 11:00:00,0,0,0,0,0.0,0,0.0,
2010-02-20 12:00:00,0,0,0,0,0.0,0,0.0,
2010-02-20 13:00:00,0,0,0,0,0.0,0,0.0,
2010-02-20 14:00:00,0,0,0,0,0.0,0,0.0,
2010-02-20 15:00:00,0,0,0,0,0.0,0,0.0,
2010-02-20 16:00:00,0,0,0,0,0.0,0,0.0,
2010-02-20 17:00:00,0,0,0,0,0.0,0,0.0,
2010-02-20 18:00:00,0,0,0,0,0.0,0,0.0,
2010-02-20 19:00:00,0,0,0,0,0.0,0,0.0,
2010-02-20 20:00:00,0,0,0,0,0.0,0,0.0,
2010-02-20 21:00:00,0,0,0,0,0.0,0,0.0,
2010-02-20 22:00:00,0,0,0,0,0.0,0,0.0,
2010-02-20 23:00:00,0,0,0,0,0.0,0,0.0,
2010-02-21 00:00:00,0,0,0,0,0.0,0,0.0,
2010-02-21 01:00:00,0,0,0,0,0.0,0,0.0,
2010-02-21 02:00:00,0,0,0,0,0.0,0,0.0,
2010-02-21 03:00:00,0,0,0,0,0.0,0,0.0,
2010-02-21 04:00:00,0,0,0,0,0.0,0,0.0,
2010-02-21 05:00:00,0,0,0,0,0.0,0,0.0,
2010-02-21 06:00:00,0,0,0,0,0.0,0,0.0,
2010-02-21 07:00:00,0,0,0,0,0.0,0,0.0,
2010-02-21 08:00:00,0,0,0,0,0.0,0,0.0,
2010-02-21 09:00:00,0,0,0,0,0.0,0,0.0,
2010-02-21 10:00:00,0,0,0,0,0.0,0,0.0,
2010-02-21 11:00:00,0,0,0,0,0.0,0,0.0,
2010-02-21 12:00:00,0,0,0,0,0.0,0,0.0,
2010-02-21 13:00:00,0,0,0,0,0.0,0,0.0,
2010-02-21 14:00:00,0,0,0,0,0.0,0,0.0,
2010-02-21 15:00:00,0,0,0,0,0.0,0,0.0,
2010-02-21 16:00:00,0,0,0,0,0.0,0,0.0,
2010-02-21 17:00:00,0,0,0,0,0.0,0,0.0,
2010-02-21 18:00:00,0,0,0,0,0.0,0,0.0,
2010-02-21 19:00:00,0,0,0,0,0.0,0,0.0,
2010-02-21 20:00:00,0,0,0,0,0.0,0,0.0,
2010-02-21 21:00:00,0,0,0,0,0.0,0,0.0,
2010-02-21 22:00:00,0,0,0,0,0.0,0,0.0,
2010-02-21 23:00:00,0,0,0,0,0.0,0,0.0,
2010-02-22 00:00:00,0,0,0,0,0.0,0,0.0,
2010-02-22 01:00:00,0,0,0,0,0.0,0,0.0,
2010-02-22 02:00:00,0,0,0,0,0.0,0,0.0,
2010-02-22 03:00:00,0,0,0,0,0.0,0,0.0,
2010-02-22 04:00:00,0,0,0,0,0.0,0,0.0,
2010-02-22 05:00:00,0,0,0,0,0.0,0,0.0,
2010-02-22 06:00:00,0,0,0,0,0.0,0,0.0,
2010-02-22 07:00:00,0,0,0,0,0.0,0,0.0,
2010-02-22 08:00:00,0,0,0,0,0.0,0,0.0,
2010-02-22 09:00:00,98993593350,44325,222287,138428,287609.8942999985,1068325,465617128.0,inf
2010-02-22 10:00:00,197163077598,98090,278017,283171,575904.3087000096,1800925,1008984871.0,0.6943364879201219
2010-02-22 11:00:00,117103893372,64086,153315,163442,341078.4686000042,989743,656354942.0,-0.5238289521574736
2010-02-22 12:00:00,52421378976,31296,71999,76401,152611.1807999996,532725,320236301.0,-0.804219179165416
2010-02-22 13:00:00,49768149672,32188,75737,69111,144566.79190000004,487952,329522811.0,-0.05415175640277264
2010-02-22 14:00:00,51657570540,35980,78393,79835,150029.2233000005,489150,367719135.0,0.03708846868107712
2010-02-22 15:00:00,152038079208,113460,280816,219570,440211.0542000015,1476562,1162901170.0,1.0764241834235304
2010-02-22 16:00:00,40200444,32,0,0,116.09,200,320000.0,-8.24064380717664
2010-02-22 17:00:00,0,0,0,0,0.0,0,0.0,-inf
2010-02-22 18:00:00,0,0,0,0,0.0,0,0.0,
2010-02-22 19:00:00,0,0,0,0,0.0,0,0.0,
2010-02-22 20:00:00,0,0,0,0,0.0,0,0.0,
2010-02-22 21:00:00,0,0,0,0,0.0,0,0.0,
2010-02-22 22:00:00,0,0,0,0,0.0,0,0.0,
2010-02-22 23:00:00,0,0,0,0,0.0,0,0.0,
2010-02-23 00:00:00,0,0,0,0,0.0,0,0.0,
2010-02-23 01:00:00,0,0,0,0,0.0,0,0.0,
2010-02-23 02:00:00,0,0,0,0,0.0,0,0.0,
2010-02-23 03:00:00,0,0,0,0,0.0,0,0.0,
2010-02-23 04:00:00,0,0,0,0,0.0,0,0.0,
2010-02-23 05:00:00,0,0,0,0,0.0,0,0.0,
2010-02-23 06:00:00,0,0,0,0,0.0,0,0.0,
2010-02-23 07:00:00,0,0,0,0,0.0,0,0.0,
2010-02-23 08:00:00,0,0,0,0,0.0,0,0.0,
2010-02-23 09:00:00,77888364125,34875,180310,107753,225180.08299999873,715100,366888753.0,inf
2010-02-23 10:00:00,284980961694,141780,403821,423640,811103.1154000163,2574705,1458605740.0,1.2814947410567437
2010-02-23 11:00:00,133887585403,73271,157409,197811,378059.46940000623,1211758,748648711.0,-0.7633436823255464
2010-02-23 12:00:00,99455903404,59376,139585,142384,279463.5831000037,1879671,607860884.0,-0.30217951861708375
2010-02-23 13:00:00,98249890024,63544,141980,145482,275973.927200004,985847,649783482.0,-0.012565596494796836
2010-02-23 14:00:00,105104066067,73206,154372,158779,295512.68779999914,916542,747655979.0,0.06840537805358231
2010-02-23 15:00:00,174590536978,130290,310774,252214,493010.115300003,1657593,1334229614.0,0.5118179190402828
2010-02-23 16:00:00,40200446,32,0,0,113.32,2900,320000.0,-8.378069295701929
2010-02-23 17:00:00,0,0,0,0,0.0,0,0.0,-inf
2010-02-23 18:00:00,0,0,0,0,0.0,0,0.0,
2010-02-23 19:00:00,0,0,0,0,0.0,0,0.0,
2010-02-23 20:00:00,0,0,0,0,0.0,0,0.0,
2010-02-23 21:00:00,0,0,0,0,0.0,0,0.0,
2010-02-23 22:00:00,0,0,0,0,0.0,0,0.0,
2010-02-23 23:00:00,0,0,0,0,0.0,0,0.0,
2010-02-24 00:00:00,0,0,0,0,0.0,0,0.0,
2010-02-24 01:00:00,0,0,0,0,0.0,0,0.0,
2010-02-24 02:00:00,0,0,0,0,0.0,0,0.0,
2010-02-24 03:00:00,0,0,0,0,0.0,0,0.0,
2010-02-24 04:00:00,0,0,0,0,0.0,0,0.0,
2010-02-24 05:00:00,0,0,0,0,0.0,0,0.0,
2010-02-24 06:00:00,0,0,0,0,0.0,0,0.0,
2010-02-24 07:00:00,0,0,0,0,0.0,0,0.0,
2010-02-24 08:00:00,0,0,0,0,0.0,0,0.0,
2010-02-24 09:00:00,81928513024,36684,180910,116511,231756.12300000282,876853,385047511.0,inf
2010-02-24 10:00:00,175575456640,87350,237920,248697,497705.55359999713,1552806,897540697.0,0.7643230195225514
2010-02-24 11:00:00,66370939648,36322,83418,96684,188631.87950000094,584031,371658484.0,-0.9702112560728918
2010-02-24 12:00:00,42391372416,25308,65011,55723,120171.56909999954,391004,259636823.0,-0.45087692408518976
2010-02-24 13:00:00,53345994496,34502,68795,72165,151535.97580000025,498229,351971665.0,0.23190259661230905
2010-02-24 14:00:00,64783021952,45122,92607,91262,183052.37060000078,569141,460571962.0,0.18894922925663918
2010-02-24 15:00:00,109586421248,81780,203352,156961,309941.46859999554,1076810,838292161.0,0.5266111786420529
2010-02-24 16:00:00,20100224,16,0,0,56.91,1900,160000.0,-8.602667675051505
2010-02-24 17:00:00,0,0,0,0,0.0,0,0.0,-inf
2010-02-24 18:00:00,0,0,0,0,0.0,0,0.0,
2010-02-24 19:00:00,0,0,0,0,0.0,0,0.0,
2010-02-24 20:00:00,0,0,0,0,0.0,0,0.0,
2010-02-24 21:00:00,0,0,0,0,0.0,0,0.0,
2010-02-24 22:00:00,0,0,0,0,0.0,0,0.0,
2010-02-24 23:00:00,0,0,0,0,0.0,0,0.0,
2010-02-25 00:00:00,0,0,0,0,0.0,0,0.0,
2010-02-25 01:00:00,0,0,0,0,0.0,0,0.0,
2010-02-25 02:00:00,0,0,0,0,0.0,0,0.0,
2010-02-25 03:00:00,0,0,0,0,0.0,0,0.0,
2010-02-25 04:00:00,0,0,0,0,0.0,0,0.0,
2010-02-25 05:00:00,0,0,0,0,0.0,0,0.0,
2010-02-25 06:00:00,0,0,0,0,0.0,0,0.0,
2010-02-25 07:00:00,0,0,0,0,0.0,0,0.0,
2010-02-25 08:00:00,0,0,0,0,0.0,0,0.0,
2010-02-25 09:00:00,294066291750,131670,579738,406479,801076.1945999942,2908405,1375080279.0,inf
2010-02-25 10:00:00,156098347350,77660,226249,230308,430445.9554999949,1433532,799455208.0,-0.6211342898100286
2010-02-25 11:00:00,114551182275,62689,165392,168250,316602.82040000195,1033946,643597450.0,-0.30717372126985204
2010-02-25 12:00:00,64119717750,38280,89307,92538,177652.71639999855,612370,391823238.0,-0.5778174427186618
2010-02-25 13:00:00,92722337925,59969,172289,133040,258325.12069999834,844410,617051940.0,0.37438833625083645
2010-02-25 14:00:00,110169333225,76734,123193,155273,308886.0803000002,999784,779814573.0,0.17875358741198794
2010-02-25 15:00:00,211796070825,158055,350330,299206,597749.2003000209,2004761,1615882206.0,0.6601987317341326
2010-02-25 16:00:00,20100225,16,0,0,56.81,2600,160000.0,-9.261214180900403
2010-02-25 17:00:00,0,0,0,0,0.0,0,0.0,-inf
2010-02-25 18:00:00,0,0,0,0,0.0,0,0.0,
2010-02-25 19:00:00,0,0,0,0,0.0,0,0.0,
2010-02-25 20:00:00,0,0,0,0,0.0,0,0.0,
2010-02-25 21:00:00,0,0,0,0,0.0,0,0.0,
2010-02-25 22:00:00,0,0,0,0,0.0,0,0.0,
2010-02-25 23:00:00,0,0,0,0,0.0,0,0.0,
2010-02-26 00:00:00,0,0,0,0,0.0,0,0.0,
2010-02-26 01:00:00,0,0,0,0,0.0,0,0.0,
2010-02-26 02:00:00,0,0,0,0,0.0,0,0.0,
2010-02-26 03:00:00,0,0,0,0,0.0,0,0.0,
2010-02-26 04:00:00,0,0,0,0,0.0,0,0.0,
2010-02-26 05:00:00,0,0,0,0,0.0,0,0.0,
2010-02-26 06:00:00,0,0,0,0,0.0,0,0.0,
2010-02-26 07:00:00,0,0,0,0,0.0,0,0.0,
2010-02-26 08:00:00,0,0,0,0,0.0,0,0.0,
2010-02-26 09:00:00,62029297436,27774,136581,85926,175017.24390000064,668617,291484026.0,inf
2010-02-26 10:00:00,141043285842,70170,178542,200992,397101.9760999951,1297040,719755192.0,0.8193086088126551
2010-02-26 11:00:00,93827854968,51348,122013,141394,265474.76999999804,827509,525822694.0,-0.40267330653526384
2010-02-26 12:00:00,55617325342,33204,82869,79258,157421.6959999991,440460,340406158.0,-0.5225916415353291
2010-02-26 13:00:00,55476623760,35880,79044,78979,156935.52910000162,495354,366783379.0,-0.0030930880462325372
2010-02-26 14:00:00,57747949298,40222,90779,87859,163730.96320000017,596533,411385759.0,0.04238953415365264
2010-02-26 15:00:00,138028251942,103005,259531,212048,392134.01370001223,1430368,1056215148.0,0.8733790405593392
2010-02-26 16:00:00,261302938,208,0,0,741.05,6995,2080000.0,-6.271290832628572
