0.121,0.413,0.057,3.647,0.466,12
0.47,0.752,0.07,11.596,1.12,8
0.11,0.337,0.045,3.835,0.812,4
0.511,0.869,0.106,8.538,0.732,2
0.202,0.46,0.064,3.685,0.682,4
0.399,0.506,0.096,3.393,0.477,3
0.365,0.622,0.089,4.132,0.443,5
0.038,0.403,0.045,3.92,0.622,12
0.036,0.399,0.041,3.968,0.749,3
0.105,0.32,0.052,4.058,0.381,11
0.548,0.826,0.107,4.903,0.268,12
-0.036,0.485,0.02,14.418,1.121,3
0.557,1.049,0.116,54.207,1.603,9
0.082,0.348,0.046,3.817,0.633,12
0.345,0.517,0.081,2.654,0.317,11
0.365,0.645,0.085,5.469,0.304,4
0.305,0.519,0.073,4.702,0.609,4
0.53,0.696,0.114,3.029,0.243,3
0.417,0.752,0.092,5.569,0.502,11
0.465,0.77,0.107,11.08,0.918,11
0.084,0.262,0.033,4.087,0.522,4
0.345,0.744,0.079,5.08,0.477,5
0.23,0.592,0.053,5.161,0.925,5
0.487,0.846,0.12,15.061,0.769,10
0.087,0.362,0.046,4.737,0.557,6
0.347,0.514,0.081,4.841,0.519,4
0.382,0.638,0.073,5.137,0.702,12
0.222,0.53,0.059,5.021,0.741,2
0.392,0.63,0.085,3.907,0.424,4
0.281,0.46,0.072,4.194,0.517,3
0.502,0.901,0.117,12.926,0.918,5
0.341,0.814,0.071,22.378,1.358,5
0.354,0.767,0.083,12.538,0.892,10
0.337,0.618,0.076,6.741,0.654,7
0.344,0.588,0.078,8.463,0.589,7
0.59,0.82,0.116,5.383,0.506,6
0.236,0.526,0.063,4.232,0.586,10
0.084,0.464,0.059,5.251,0.279,3
0.282,0.48,0.071,3.693,0.633,9
0.216,0.401,0.056,3.813,0.607,4
0.291,0.532,0.064,4.282,0.405,6
0.345,0.611,0.075,4.806,0.494,2
0.548,0.981,0.094,24.344,1.778,5
0.141,0.501,0.058,5.837,0.783,3
0.356,0.638,0.079,9.42,1.028,11
0.317,0.501,0.07,3.955,0.298,8
0.256,0.453,0.064,3.8,0.49,3
-0.017,0.393,0.029,10.851,0.848,1
0.384,0.629,0.07,4.666,0.451,7
0.375,0.731,0.092,8.91,0.677,8
0.302,0.58,0.069,5.481,0.496,5
0.163,0.51,0.052,3.518,0.537,6
0.198,0.668,0.067,7.097,0.929,2
0.488,0.815,0.107,14.876,1.068,4
0.39,0.626,0.081,3.687,0.48,4
0.191,0.512,0.065,4.788,0.624,10
0.463,0.711,0.084,13.845,1.095,4
0.357,0.755,0.089,7.669,0.506,6
0.158,0.467,0.06,6.147,0.417,6
0.44,0.794,0.096,14.842,1.137,10
0.307,0.573,0.074,3.326,0.48,4
0.417,0.681,0.078,5.86,0.6,1
-0.004,0.2,0.025,4.238,0.499,12
0.298,0.56,0.072,4.964,0.646,5
0.436,0.644,0.089,4.146,0.384,4
0.703,1.121,0.144,15.476,0.579,4
0.497,0.709,0.092,6.151,0.523,3
0.537,0.665,0.108,2.965,0.331,9
0.41,0.683,0.085,4.522,0.593,4
0.275,0.444,0.079,2.901,0.43,7
0.073,0.383,0.049,3.563,0.616,9
0.397,0.623,0.087,4.665,0.372,7
0.497,0.668,0.102,3.915,0.566,8
0.212,0.486,0.057,3.986,0.679,2
-0.049,0.186,0.016,4.498,0.547,10
0.567,0.883,0.113,4.663,0.374,12
0.279,0.556,0.067,3.927,0.485,3
0.493,0.684,0.101,3.528,0.505,1
0.112,0.594,0.042,14.456,0.818,11
0.52,0.615,0.105,4.593,0.537,9
0.349,0.585,0.08,6.318,0.577,4
0.255,0.463,0.056,6.67,0.68,10
0.346,0.642,0.076,3.407,0.505,9
0.159,0.487,0.058,4.903,0.942,12
0.525,0.718,0.117,2.749,0.516,12
0.527,0.88,0.103,11.901,0.726,7
0.314,0.629,0.074,5.863,0.467,4
-0.132,0.232,0.014,7.165,1.009,6
0.145,0.385,0.051,3.625,0.353,12
0.297,0.493,0.072,4.664,0.638,4
0.384,0.476,0.078,3.343,0.408,1
0.189,0.437,0.059,5.043,0.452,1
0.23,0.47,0.067,3.901,0.488,11
0.402,0.584,0.075,4.335,0.452,4
0.267,0.682,0.074,10.11,0.848,5
0.334,0.519,0.087,3.511,0.513,2
0.062,0.223,0.042,3.767,0.531,9
0.31,0.584,0.07,6.807,0.783,10
0.325,0.417,0.081,3.759,0.632,9
0.574,0.889,0.132,5.381,0.832,10
0.244,0.401,0.056,4.307,0.659,7
0.684,1.04,0.14,21.118,0.83,12
0.362,0.521,0.076,3.736,0.382,7
0.124,0.367,0.055,3.88,0.526,11
0.153,0.524,0.053,6.655,0.741,2
0.193,0.493,0.06,4.654,0.588,2
0.199,0.427,0.062,3.031,0.417,10
0.098,0.344,0.046,6.426,0.495,5
0.708,1.26,0.155,28.495,1.175,12
0.209,0.55,0.061,10.274,0.817,6
0.153,0.309,0.053,5.363,0.646,7
0.479,0.729,0.088,3.693,0.447,11
0.166,0.33,0.055,3.284,0.425,3
0.411,0.541,0.089,3.271,0.401,3
0.25,0.508,0.072,5.015,0.791,7
0.326,0.541,0.084,3.164,0.6,8
0.398,0.575,0.091,6.054,0.646,2
0.215,0.507,0.061,5.42,0.639,9
0.064,0.602,0.039,22.965,1.337,10
0.14,0.42,0.056,5.203,0.761,11
0.145,0.553,0.054,8.873,0.652,8
0.503,0.763,0.102,4.153,0.619,11
0.705,0.922,0.149,18.103,1.328,5
0.325,0.528,0.077,3.042,0.36,10
0.084,0.36,0.048,3.204,0.456,6
0.426,0.727,0.088,6.301,0.62,3
0.675,0.873,0.154,3.35,0.204,5
0.361,0.728,0.084,15.586,1.023,9
0.408,0.711,0.088,6.235,0.565,10
0.378,0.641,0.085,4.044,0.441,11
0.123,0.47,0.058,4.331,0.702,4
0.341,0.678,0.091,5.625,0.683,4
0.476,0.713,0.087,4.066,0.364,12
0.362,0.65,0.08,7.878,0.493,8
0.335,0.686,0.074,10.339,0.837,5
0.308,0.72,0.079,7.304,0.647,7
0.214,0.484,0.054,4.385,0.656,6
0.509,0.937,0.104,21.513,1.131,1
0.058,0.36,0.039,6.138,0.66,5
0.031,0.363,0.041,4.045,0.731,3
0.038,0.477,0.046,9.387,0.818,2
0.293,0.59,0.077,4.946,0.551,2
0.211,0.472,0.06,4.628,0.736,9
0.018,0.642,0.016,13.559,1.074,5
0.321,0.573,0.067,4.108,0.553,4
0.24,0.4,0.064,3.258,0.563,5
0.258,0.704,0.073,5.674,0.497,12
-0.088,0.159,0.008,4.832,0.995,3
0.212,0.437,0.059,3.94,0.516,4
0.847,1.772,0.21,119.05,7.032,11
0.465,0.684,0.09,4.547,0.65,1
0.617,0.766,0.126,4.442,0.483,9
0.507,0.78,0.107,12.111,1.127,4
0.327,0.599,0.097,3.8,0.335,3
0.309,0.608,0.059,11.708,0.718,1
0.285,0.574,0.061,3.989,0.414,12
0.555,0.885,0.129,5.616,0.48,4
0.025,0.272,0.03,6.423,1.177,3
0.452,0.587,0.091,4.618,0.618,6
0.437,0.623,0.081,4.162,0.341,10
0.394,0.698,0.081,4.12,0.289,7
0.276,0.449,0.062,4.556,0.841,7
0.36,0.574,0.071,3.946,0.608,1
0.41,0.636,0.086,5.191,0.531,3
0.755,1.608,0.175,68.918,1.644,8
0.187,0.656,0.054,16.546,1.024,1
0.298,0.573,0.079,5.286,0.353,6
0.662,0.925,0.158,4.18,0.359,9
0.047,0.335,0.041,4.245,0.824,12
0.324,0.587,0.078,5.038,0.712,4
0.126,0.332,0.056,3.769,0.532,12
-0.014,0.231,0.023,4.568,0.518,2
0.476,0.944,0.088,23.553,0.989,4
0.239,0.502,0.055,4.243,0.742,6
0.423,0.822,0.084,18.387,0.949,5
0.465,0.835,0.098,7.13,0.767,7
0.192,0.595,0.067,4.13,0.395,1
0.246,0.456,0.057,6.648,0.624,5
0.139,0.483,0.054,6.529,0.539,1
0.478,0.944,0.12,20.407,0.97,4
0.292,0.688,0.084,12.952,0.989,1
0.174,0.386,0.059,4.611,0.411,4
0.455,0.649,0.095,4.715,0.4,12
0.295,0.627,0.063,6.17,0.535,9
0.323,0.513,0.074,3.602,0.669,9
0.16,0.596,0.05,8.637,0.947,10
0.216,0.401,0.059,3.382,0.58,7
0.087,0.492,0.05,6.829,1.017,3
0.329,0.412,0.075,3.244,0.515,3
0.23,0.618,0.073,5.711,0.335,11
0.337,0.6,0.075,2.997,0.455,6
0.308,0.517,0.072,4.478,0.576,6
-0.031,0.267,0.026,6.332,0.95,11
0.264,0.576,0.067,5.454,0.59,8
0.172,0.35,0.053,3.287,0.362,6
0.244,0.452,0.055,3.125,0.667,3
0.215,0.594,0.06,4.954,0.329,6
0.529,0.72,0.106,10.57,0.682,10
0.352,0.625,0.085,5.653,0.542,11
0.397,0.663,0.072,17.491,1.102,5
0.15,0.386,0.054,3.348,0.476,4
0.332,0.626,0.081,4.303,0.541,6
0.446,0.644,0.082,4.92,0.716,6
0.498,0.757,0.115,7.481,0.797,7
0.396,0.487,0.075,3.602,0.507,6
0.55,0.684,0.11,7.282,0.565,3
0.009,0.303,0.041,4.465,0.596,9
0.352,0.759,0.083,8.846,0.782,6
0.205,0.615,0.068,14.608,1.208,4
0.145,0.386,0.05,3.578,0.467,5
-0.01,0.264,0.016,5.074,0.692,12
0.419,0.667,0.086,4.631,0.622,4
0.07,0.319,0.037,5.461,0.829,9
0.406,0.616,0.082,3.141,0.395,7
0.334,0.684,0.075,5.778,0.67,6
-0.134,0.345,-0.012,17.791,1.191,6
0.118,0.219,0.038,4.559,0.755,9
0.382,0.6,0.086,4.126,0.684,9
0.336,0.561,0.08,3.642,0.525,5
0.288,0.622,0.066,6.203,0.792,10
0.047,0.296,0.048,4.271,0.56,8
0.152,0.42,0.054,4.549,0.419,1
0.318,0.551,0.07,4.573,0.339,11
0.363,0.642,0.083,6.293,0.976,2
0.378,0.638,0.076,6.786,0.777,9
0.146,0.356,0.054,3.629,0.507,1
0.45,0.71,0.093,6.322,0.68,8
0.269,0.661,0.064,5.876,0.642,4
0.176,0.396,0.071,4.464,0.61,4
-0.016,0.208,0.035,4.405,0.734,2
0.101,0.561,0.049,7.204,0.876,9
0.215,0.444,0.057,3.1,0.392,7
0.134,0.31,0.055,3.784,0.442,12
0.203,0.424,0.066,3.94,0.505,11
0.086,0.385,0.046,3.324,0.412,7
0.303,0.44,0.091,3.158,0.372,3
0.198,0.614,0.064,12.775,0.796,7
0.247,0.493,0.061,4.645,0.794,6
0.173,0.405,0.043,4.899,0.475,3
-0.156,0.001,-0.019,3.844,0.484,3
0.223,0.496,0.076,4.424,0.483,10
0.219,0.358,0.063,3.254,0.585,4
0.289,0.651,0.066,7.575,0.813,9
0.341,0.634,0.081,5.845,0.626,7
0.481,0.696,0.099,3.969,0.532,1
0.256,0.459,0.059,3.83,0.416,12
0.171,0.666,0.052,5.293,0.765,4
0.554,0.971,0.101,19.163,1.322,8
0.458,0.792,0.09,9.713,0.676,8
0.333,0.506,0.078,3.243,0.477,12
0.33,0.627,0.073,3.643,0.509,2
0.367,0.575,0.087,4.173,0.461,8
0.461,0.844,0.091,12.051,0.894,2
0.122,0.528,0.052,5.051,0.626,3
0.38,0.602,0.076,6.242,0.905,5
0.298,0.687,0.064,11.35,0.891,1
0.381,0.602,0.078,5.064,0.711,7
0.137,0.395,0.051,3.217,0.517,11
0.648,0.855,0.144,7.181,0.675,12
0.209,0.412,0.055,3.995,0.463,1
0.238,0.574,0.071,5.042,0.436,2
0.142,0.519,0.06,4.645,0.841,8
0.491,0.884,0.088,15.686,0.834,2
0.262,0.459,0.071,3.297,0.286,9
0.509,0.886,0.079,8.915,0.645,8
0.173,0.388,0.054,3.388,0.494,8
0.052,0.287,0.042,4.212,0.895,7
0.286,0.583,0.069,6.562,0.842,4
0.563,0.836,0.099,14.959,0.98,2
0.414,0.655,0.095,11.815,0.939,12
0.049,0.417,0.043,3.78,0.782,5
0.486,0.736,0.093,6.572,0.636,11
0.042,0.305,0.036,6.687,0.833,12
0.448,0.735,0.099,4.106,0.458,4
0.447,0.804,0.093,14.591,1.116,8
0.686,1.248,0.174,19.856,0.509,2
0.023,0.256,0.038,5.345,0.437,7
0.274,0.561,0.074,4.812,0.603,1
0.199,0.446,0.06,4.534,0.766,12
0.315,0.496,0.063,6.521,0.666,10
0.629,1.137,0.14,21.555,1.204,9
0.24,0.763,0.072,13.381,1.122,12
0.247,0.711,0.07,12.297,0.557,7
0.241,0.385,0.054,4.409,0.352,5
0.506,0.815,0.111,6.942,0.612,2
0.261,0.561,0.069,3.465,0.583,3
0.44,0.625,0.096,3.546,0.472,5
0.147,0.415,0.056,3.694,0.586,10
0.078,0.309,0.039,3.438,0.527,11
0.436,0.653,0.088,4.522,0.829,8
0.649,0.934,0.124,17.763,0.877,4
0.259,0.535,0.081,4.601,0.733,3
0.479,1.039,0.099,19.161,0.986,12
0.369,0.567,0.087,3.521,0.418,6
0.567,0.838,0.117,9.431,1.077,8
0.216,0.547,0.07,3.65,0.405,6
0.264,0.516,0.06,5.309,0.546,1
0.423,0.617,0.094,4.158,0.435,7
0.464,0.727,0.097,6.151,0.62,10
0.519,0.669,0.113,4.024,0.441,7
0.293,0.482,0.059,10.06,1.058,2
0.44,0.613,0.071,3.342,0.338,8
0.191,0.479,0.057,6.548,0.528,3
0.359,0.536,0.078,3.775,0.365,8
0.263,0.592,0.074,6.247,0.573,2
0.397,0.704,0.084,10.393,1.006,11
0.345,0.577,0.083,3.229,0.418,6
0.272,0.371,0.075,3.603,0.338,1
0.412,0.626,0.085,3.854,0.409,4
0.128,0.339,0.047,3.1,0.487,6
0.551,0.739,0.11,3.293,0.409,9
0.049,0.18,0.033,5.218,0.552,12
0.16,0.533,0.06,4.301,0.671,8
0.192,0.422,0.055,5.084,0.671,6
0.376,0.744,0.077,7.115,1.057,5
0.345,0.557,0.064,3.931,0.508,9
0.37,0.604,0.083,3.335,0.339,5
0.128,0.486,0.06,5.729,0.775,5
0.352,0.561,0.069,5.652,0.778,4
0.301,0.387,0.068,3.13,0.435,6
0.011,0.854,0.03,21.81,0.373,12
0.047,0.368,0.037,4.597,0.435,2
0.263,0.634,0.084,4.805,0.474,2
0.21,0.507,0.064,4.017,1.056,5
0.541,0.948,0.113,18.329,1.005,9
0.662,0.914,0.124,8.175,0.403,3
0.534,0.772,0.111,7.113,0.536,10
0.252,0.381,0.068,3.255,0.363,3
0.053,0.387,0.037,4.091,0.666,8
0.19,0.473,0.052,6.41,0.701,2
0.256,0.515,0.067,3.817,0.506,9
0.358,0.786,0.089,8.461,0.713,11
0.16,0.377,0.044,4.133,0.435,1
0.247,0.595,0.061,7.422,0.604,12
-0.032,0.232,0.034,5.783,0.692,2
0.46,0.708,0.094,4.501,0.462,4
0.356,0.705,0.067,6.209,0.684,8
0.197,0.513,0.05,7.85,0.593,10
0.05,0.574,0.046,12.01,0.872,12
0.096,0.31,0.041,3.893,0.668,3
0.626,0.823,0.12,4.994,0.553,6
0.217,0.449,0.059,3.685,0.651,9
0.301,0.565,0.082,4.241,0.815,3
0.135,0.42,0.057,7.338,0.747,7
0.292,0.5,0.075,4.842,0.635,4
0.669,1.47,0.122,66.083,1.655,3
0.296,0.615,0.069,3.349,0.331,2
0.245,0.605,0.06,12.974,1.072,1
0.215,0.664,0.075,6.753,0.912,1
0.151,0.461,0.052,4.591,0.605,2
0.057,0.312,0.042,4.26,0.829,5
0.293,0.462,0.075,5.326,0.664,6
0.39,0.566,0.078,3.863,0.453,4
0.04,0.422,0.054,4.369,0.763,7
0.135,0.525,0.049,7.037,0.953,2
0.103,0.529,0.039,4.578,0.344,5
0.153,0.399,0.052,3.841,0.446,5
0.57,0.896,0.119,12.825,1.001,3
0.146,0.299,0.052,3.148,0.216,2
0.145,0.423,0.054,5.028,0.651,8
0.498,0.731,0.094,7.447,0.693,5
0.42,0.673,0.104,4.733,0.696,12
0.377,0.562,0.073,6.855,0.585,1
0.799,1.497,0.2,20.258,0.977,5
0.276,0.698,0.068,13.98,1.116,5
0.189,0.383,0.061,3.259,0.434,5
0.495,0.724,0.097,5.232,0.32,2
0.28,0.387,0.062,3.853,0.527,12
0.119,0.322,0.045,4.369,0.568,6
0.138,0.46,0.059,3.641,0.455,3
0.474,0.716,0.095,3.163,0.629,4
0.205,0.422,0.058,3.594,0.561,12
0.471,0.809,0.092,5.869,0.681,6
0.258,0.536,0.077,4.647,0.61,7
0.321,0.828,0.083,6.778,0.809,7
0.427,0.728,0.103,6.816,0.622,5
0.153,0.6,0.061,6.936,0.615,12
0.242,0.651,0.07,6.944,0.808,9
-0.044,0.284,0.033,12.976,1.374,6
0.322,0.646,0.07,6.373,0.638,2
0.493,0.606,0.099,3.752,0.374,11
0.332,0.436,0.075,3.876,0.733,9
0.396,0.612,0.086,4.903,0.54,2
0.174,0.495,0.069,4.747,0.649,7
0.105,0.521,0.049,8.43,0.476,10
0.453,0.627,0.09,4.601,0.453,4
0.572,1.61,0.097,78.129,5.806,1
0.503,0.816,0.119,2.817,0.145,10
0.358,0.707,0.087,8.06,0.61,10
0.214,0.614,0.066,6.519,0.531,7
0.534,0.646,0.114,3.358,0.435,12
0.23,0.47,0.057,4.729,0.535,7
0.284,0.951,0.095,20.562,1.326,12
0.203,0.415,0.055,3.122,0.53,7
0.607,0.954,0.142,5.796,0.414,6
0.201,0.555,0.054,7.695,0.705,1
0.345,0.541,0.074,4.497,0.463,1
0.557,0.955,0.129,10.089,0.496,8
0.248,0.462,0.077,3.28,0.334,7
0.347,0.756,0.089,10.975,1.06,4
0.202,0.454,0.064,3.615,0.558,12
0.187,0.415,0.06,3.361,0.424,5
0.266,0.488,0.08,3.863,0.429,5
0.357,0.622,0.086,4.658,0.349,11
0.369,0.588,0.084,3.785,0.549,6
0.44,0.839,0.09,17.412,1.016,6
0.118,0.353,0.049,3.82,0.657,11
0.431,0.663,0.073,5.737,0.602,10
0.184,0.405,0.057,4.05,0.691,10
0.475,0.634,0.094,3.41,0.414,10
0.504,0.639,0.088,3.003,0.301,7
0.506,0.702,0.103,9.698,0.705,8
0.291,0.47,0.066,3.54,0.306,1
0.18,0.403,0.057,3.706,0.525,10
0.456,0.79,0.087,6.238,0.724,11
0.213,0.429,0.06,3.513,0.363,8
0.151,0.649,0.053,15.463,1.079,9
0.296,0.58,0.063,6.31,0.72,3
0.347,0.518,0.076,4.024,0.442,9
0.268,0.407,0.065,2.797,0.391,5
0.373,0.751,0.083,7.438,0.796,2
0.343,0.556,0.072,5.079,0.45,9
0.158,0.549,0.061,7.668,0.902,5
0.463,0.751,0.097,6.058,0.64,3
0.185,0.467,0.058,3.06,0.35,6
0.551,0.75,0.105,3.917,0.273,5
0.085,0.399,0.042,4.407,0.67,6
0.364,0.652,0.08,3.938,0.398,1
0.292,0.623,0.076,15.909,0.991,1
0.216,0.413,0.052,3.477,0.522,4
0.58,0.858,0.116,6.03,0.408,5
0.423,0.648,0.092,6.835,0.526,10
0.399,0.647,0.093,5.496,0.603,3
0.224,0.403,0.069,3.276,0.398,6
0.307,0.642,0.061,8.936,0.892,1
0.249,0.479,0.075,3.399,0.414,11
0.485,0.731,0.104,4.895,0.33,7
0.323,0.691,0.085,9.96,0.866,7
0.246,0.525,0.059,4.904,0.72,12
0.157,0.536,0.051,8.69,1.098,2
0.729,1.467,0.147,37.147,1.283,5
0.248,0.473,0.064,4.345,0.388,2
0.253,0.54,0.071,4.444,0.644,6
0.611,0.837,0.144,7.137,0.903,5
0.157,0.373,0.05,4.66,0.495,10
0.411,0.799,0.087,12.291,0.856,11
0.289,0.537,0.068,5.199,0.579,2
0.22,0.455,0.062,4.509,0.449,12
0.247,0.389,0.066,3.656,0.694,11
0.702,1.188,0.175,10.03,0.573,9
-0.081,0.516,0.012,21.863,1.733,2
0.258,0.524,0.06,5.767,0.838,9
0.149,0.491,0.05,7.743,0.947,7
0.232,0.585,0.064,4.554,0.534,11
0.305,0.569,0.052,4.635,0.56,3
0.24,0.456,0.063,4.622,0.599,10
0.238,0.401,0.073,3.836,0.466,2
0.289,0.738,0.075,17.802,1.007,6
0.475,0.615,0.097,3.592,0.598,10
0.192,0.446,0.054,5.195,0.888,10
0.14,0.385,0.049,4.863,0.927,8
0.308,0.506,0.072,4.943,0.761,9
0.217,0.523,0.062,7.821,0.919,10
0.52,0.877,0.108,12.838,0.476,1
0.396,0.729,0.084,5.369,0.628,1
0.739,1.445,0.174,32.783,1.076,9
0.482,0.898,0.116,15.833,1.124,9
0.659,0.905,0.153,1.941,0.101,12
0.084,0.405,0.053,3.887,0.561,7
0.068,0.392,0.04,4.933,0.457,10
0.282,0.565,0.065,5.771,0.732,4
0.452,0.701,0.101,4.098,0.489,12
0.283,0.715,0.069,9.612,1.066,11
0.318,0.558,0.071,3.196,0.429,6
0.115,0.338,0.047,4.018,0.516,6
0.227,0.443,0.057,5.06,0.471,7
0.268,0.447,0.063,3.072,0.514,3
0.219,0.495,0.077,4.694,0.461,4
0.449,0.701,0.085,3.243,0.391,12
0.343,0.587,0.073,3.728,0.429,2
0.636,0.736,0.144,3.359,0.419,10
0.513,0.895,0.114,13.236,0.813,12
0.462,0.598,0.088,4.54,0.577,5
0.536,0.793,0.124,4.667,0.354,1
0.307,0.743,0.088,6.622,0.286,4
0.451,0.561,0.09,2.983,0.379,4
0.584,0.725,0.122,5.776,0.574,11
0.258,0.611,0.072,5.672,0.789,10
0.236,0.479,0.068,3.241,0.294,3
0.26,0.515,0.065,3.394,0.515,1
0.331,0.531,0.077,7.116,0.522,12
0.527,0.755,0.106,5.769,0.699,12
0.191,0.43,0.063,3.351,0.531,3
0.159,0.527,0.053,4.486,0.553,12
0.258,0.529,0.072,4.456,0.569,11
0.415,0.545,0.079,3.113,0.361,6
0.115,0.286,0.053,4.134,0.537,12
0.017,0.244,0.041,3.896,0.396,2
0.194,0.459,0.058,3.687,0.403,3
0.705,1.088,0.168,6.918,0.844,6
0.586,0.784,0.115,5.337,0.519,1
0.219,0.578,0.069,4.842,0.606,6
0.327,0.464,0.072,2.879,0.429,5
0.405,0.563,0.082,3.261,0.483,11
0.455,0.654,0.096,3.684,0.384,1
0.268,0.318,0.063,3.479,0.323,1
0.223,0.406,0.057,4.701,0.618,8
0.2,0.372,0.059,4.311,0.596,5
0.209,0.482,0.061,4.849,0.812,5
0.416,0.757,0.078,10.854,0.843,8
0.213,0.417,0.055,7.454,1.002,7
0.293,0.452,0.067,3.503,0.368,11
0.462,0.733,0.094,5.263,0.471,6
0.059,0.29,0.038,3.814,0.605,5
0.316,0.599,0.067,5.794,0.843,7
0.327,0.702,0.079,9.895,0.881,2
-0.048,0.286,0.024,5.251,0.628,2
0.536,0.863,0.107,4.549,0.583,5
0.177,0.378,0.059,4.46,0.595,7
0.473,0.607,0.085,2.93,0.377,11
0.293,0.525,0.079,3.88,0.486,11
0.49,0.739,0.12,6.633,0.583,5
0.61,0.694,0.122,5.409,0.359,3
0.156,0.446,0.065,3.781,0.501,3
0.603,0.891,0.117,7.851,0.591,6
0.211,0.496,0.068,5.065,0.515,3
0.399,0.614,0.105,4.206,0.56,6
0.273,0.491,0.071,3.287,0.465,5
0.447,0.635,0.091,4.007,0.506,4
0.021,0.218,0.035,3.42,0.588,3
0.231,0.539,0.054,6.987,0.828,9
0.375,0.609,0.089,9.655,0.899,3
0.615,0.928,0.126,6.754,0.551,9
0.17,0.702,0.089,23.002,1.183,1
0.03,0.426,0.042,3.985,0.689,5
0.246,0.487,0.071,4.032,0.583,11
0.168,0.484,0.061,5.187,0.404,11
0.12,0.393,0.054,4.941,0.49,1
0.286,0.568,0.065,5.711,0.431,10
0.198,0.527,0.064,4.957,0.743,4
0.182,0.41,0.063,3.327,0.526,3
0.106,0.309,0.033,4.959,0.621,9
0.59,0.733,0.127,3.692,0.302,1
0.204,0.521,0.056,7.32,1.072,5
0.2,0.524,0.064,3.704,0.352,10
0.373,0.63,0.088,4.54,0.607,7
0.305,0.633,0.067,13.534,1.158,11
0.117,0.443,0.053,4.463,0.697,4
0.214,0.391,0.048,3.948,0.446,8
0.223,0.444,0.057,5.649,0.886,12
0.133,0.485,0.053,10.471,1.113,6
0.453,0.838,0.081,20.071,1.074,9
0.024,0.286,0.042,3.762,0.729,8
0.645,1.389,0.133,21.564,1.194,2
0.197,0.467,0.061,3.966,0.434,9
0.499,0.706,0.109,5.679,0.419,2
0.481,0.641,0.092,3.109,0.321,11
0.093,0.29,0.047,4.938,0.637,6
0.461,0.657,0.087,6.63,0.503,7
0.659,0.868,0.125,6.531,0.471,2
0.753,1.117,0.17,14.377,1.032,10
0.337,0.585,0.078,5.547,0.457,9
0.117,0.453,0.048,6.586,0.777,2
0.153,0.354,0.052,3.472,0.56,6
0.175,0.36,0.063,3.265,0.405,5
0.334,0.513,0.08,4.059,0.46,8
0.371,0.636,0.093,4.552,0.348,11
0.267,0.51,0.063,4.04,0.377,7
0.336,0.605,0.076,4.639,0.459,7
0.409,0.575,0.077,6.333,0.741,3
0.336,0.932,0.09,15.26,1.263,5
0.043,0.397,0.03,5.417,0.928,10
0.186,0.509,0.053,3.247,0.546,7
0.365,0.627,0.082,4.128,0.522,10
0.699,1.35,0.148,50.896,1.311,1
0.394,0.523,0.087,4.193,0.553,12
0.637,1.47,0.136,59.842,1.573,4
0.401,0.673,0.078,5.907,0.525,9
0.39,0.603,0.078,4.143,0.515,1
0.022,0.334,0.033,5.005,0.397,1
0.005,0.181,0.034,2.597,0.388,7
0.262,0.429,0.064,2.355,0.292,5
0.048,0.247,0.042,2.941,0.493,8
0.162,0.407,0.067,2.274,0.41,3
0.279,0.45,0.068,2.744,0.401,6
0.306,0.487,0.075,2.185,0.249,11
0.145,0.235,0.057,2.632,0.3,7
0.068,0.463,0.049,3.129,0.559,3
0.098,0.259,0.048,2.488,0.459,11
0.234,0.467,0.068,2.525,0.338,5
0.377,0.533,0.073,2.858,0.37,1
0.373,0.444,0.083,2.277,0.253,3
0.506,0.599,0.108,1.882,0.27,1
0.127,0.242,0.056,2.141,0.356,11
0.055,0.249,0.042,2.987,0.457,9
0.216,0.467,0.068,3.572,0.548,2
0.128,0.334,0.047,2.72,0.492,9
0.282,0.354,0.067,2.405,0.398,2
0.313,0.511,0.078,3.461,0.452,9
0.359,0.422,0.085,3.423,0.378,9
0.224,0.449,0.068,3.204,0.332,10
0.268,0.318,0.062,2.913,0.32,11
0.286,0.513,0.072,2.774,0.328,9
0.206,0.412,0.057,3.279,0.347,11
-0.065,-0.03,0.012,3.442,0.36,12
0.202,0.382,0.06,2.162,0.366,2
0.49,0.729,0.103,1.867,0.127,7
0.272,0.316,0.078,2.162,0.354,3
0.193,0.396,0.053,2.617,0.359,9
0.152,0.308,0.052,3.102,0.512,8
0.22,0.589,0.074,1.931,0.329,5
0.124,0.521,0.058,2.5,0.448,3
0.103,0.256,0.049,2.729,0.303,6
0.014,0.156,0.027,2.743,0.537,9
0.305,0.513,0.073,2.962,0.48,7
0.045,0.332,0.048,3.146,0.547,2
0.059,0.23,0.037,2.798,0.834,2
0.418,0.575,0.087,2.157,0.299,4
0.17,0.435,0.059,2.633,0.414,3
0.241,0.438,0.061,2.595,0.594,7
0.031,0.331,0.05,3.057,0.577,2
0.039,0.267,0.043,2.392,0.511,7
0.079,0.261,0.045,2.312,0.46,3
0.235,0.384,0.062,2.618,0.319,3
0.196,0.374,0.057,2.448,0.386,2
0.311,0.516,0.071,2.435,0.312,3
0.107,0.262,0.056,3.101,0.388,11
0.287,0.505,0.071,3.193,0.445,2
0.317,0.529,0.08,1.781,0.309,3
0.389,0.511,0.086,2.593,0.344,7
0.226,0.399,0.059,2.768,0.322,4
0.274,0.445,0.069,2.676,0.382,2
0.019,0.26,0.042,3.331,0.453,7
0.466,0.508,0.09,2.748,0.33,6
0.34,0.452,0.073,2.639,0.395,12
0.366,0.523,0.071,2.807,0.319,2
0.097,0.319,0.048,3.229,0.475,12
0.262,0.42,0.071,2.219,0.305,3
0.267,0.443,0.063,2.905,0.292,5
0.169,0.413,0.062,2.418,0.391,6
0.293,0.416,0.066,3.697,0.442,4
0.19,0.361,0.066,1.855,0.309,6
0.138,0.312,0.051,3.563,0.612,8
0.241,0.385,0.06,2.714,0.408,3
0.075,0.229,0.044,2.469,0.392,3
0.143,0.333,0.056,2.566,0.412,8
-0.036,0.061,0.009,3.827,0.842,8
0.29,0.413,0.062,2.06,0.47,3
0.191,0.373,0.058,2.17,0.317,7
0.069,0.325,0.042,2.553,0.673,12
0.22,0.387,0.057,2.563,0.406,3
0.483,0.587,0.1,2.714,0.428,1
0.478,0.624,0.087,3.022,0.344,10
0.263,0.455,0.061,2.399,0.431,6
0.067,0.259,0.042,2.76,0.402,4
0.265,0.437,0.066,2.704,0.335,5
0.238,0.392,0.063,2.414,0.399,11
0.242,0.268,0.051,3.616,0.61,5
0.276,0.435,0.067,2.973,0.395,2
0.167,0.359,0.043,3.564,0.598,4
0.203,0.39,0.062,3.082,0.572,9
0.438,0.615,0.093,2.046,0.305,12
0.338,0.426,0.072,2.886,0.461,12
0.098,0.417,0.054,2.955,0.399,4
0.776,0.434,0.197,2.351,0.507,11
0.619,0.804,0.127,2.761,0.42,1
0.034,0.26,0.026,3.262,0.477,8
-0.008,0.179,0.031,2.582,0.34,12
0.119,0.387,0.049,3.064,0.434,11
-0.008,0.155,0.029,2.996,0.547,7
0.116,0.211,0.065,2.517,0.491,3
0.459,0.64,0.097,2.95,0.419,10
0.067,0.177,0.044,1.955,0.317,3
0.291,0.546,0.081,2.073,0.288,3
0.052,0.29,0.036,3.399,0.513,8
-0.006,0.18,0.031,2.661,0.519,11
0.261,0.408,0.067,2.597,0.315,8
-0.03,0.133,0.015,2.48,0.401,11
0.214,0.455,0.062,1.419,0.226,5
0.133,0.389,0.053,2.288,0.253,3
0.213,0.481,0.061,2.847,0.449,4
0.43,0.596,0.078,2.8,0.316,8
0.243,0.403,0.059,2.999,0.442,5
0.319,0.492,0.064,3.322,0.482,2
0.143,0.334,0.053,3.306,0.356,8
0.687,0.83,0.153,2.392,0.312,12
0.05,0.22,0.033,3.644,0.659,8
0.329,0.442,0.072,2.24,0.318,6
0.536,0.417,0.11,3.309,0.354,2
0.07,0.203,0.041,2.469,0.395,2
0.16,0.327,0.059,3.036,0.758,3
0.017,0.224,0.035,3.889,0.343,10
0.073,0.284,0.04,2.622,0.431,11
0.232,0.511,0.066,2.873,0.423,2
0.188,0.386,0.059,2.33,0.37,8
0.355,0.512,0.082,2.915,0.322,12
-0.031,0.212,0.032,2.554,0.527,11
0.082,0.244,0.053,1.985,0.307,3
0.151,0.363,0.053,2.453,0.438,6
0.135,0.213,0.057,2.64,0.314,3
0.278,0.414,0.079,2.421,0.451,12
0.121,0.349,0.05,3.165,0.702,5
0.522,0.537,0.105,2.587,0.291,10
0.115,0.363,0.06,2.851,0.386,4
0.067,0.307,0.05,3.164,0.421,3
0.05,0.308,0.044,3.209,0.523,10
0.153,0.337,0.053,3.202,0.525,11
0.182,0.332,0.062,2.293,0.418,11
0.133,0.354,0.055,2.468,0.408,1
0.401,0.422,0.084,1.978,0.223,6
-0.014,0.203,0.035,2.962,0.667,11
0.309,0.359,0.067,1.929,0.259,6
0.102,0.344,0.042,3.767,0.576,1
0.138,0.208,0.04,2.913,0.661,12
0.161,0.572,0.054,2.049,0.829,11
0.435,0.641,0.085,2.232,0.304,11
0.335,0.536,0.066,3.163,0.482,2
0.269,0.508,0.069,3.05,0.349,1
0.129,0.367,0.05,3.025,0.347,6
0.127,0.319,0.048,3.322,0.465,5
0.28,0.397,0.069,2.456,0.519,6
0.123,0.42,0.055,2.606,0.379,4
0.2,0.348,0.056,2.577,0.358,10
0.105,0.195,0.043,2.393,0.307,11
0.548,0.614,0.109,1.692,0.287,11
0.369,0.462,0.079,2.274,0.363,8
0.309,0.474,0.077,2.338,0.325,3
0.078,0.276,0.052,3.021,0.341,2
0.231,0.452,0.07,2.308,0.266,3
0.266,0.505,0.069,2.593,0.543,3
0.173,0.316,0.045,2.341,0.784,7
0.334,0.487,0.075,2.813,0.39,5
0.457,0.569,0.08,2.361,0.25,11
0.312,0.427,0.069,2.336,0.41,6
0.2,0.406,0.063,2.179,0.354,6
0.005,0.197,0.028,2.299,0.546,6
0.411,0.568,0.086,2.458,0.258,7
0.422,0.45,0.094,2.72,0.406,4
0.242,0.479,0.06,3.179,0.323,10
0.395,0.536,0.089,2.596,0.322,12
0.289,0.368,0.067,2.79,0.418,12
0.162,0.375,0.054,3.874,0.482,2
0.304,0.555,0.077,2.582,0.366,3
0.285,0.435,0.075,2.48,0.374,4
0.028,0.266,0.038,2.731,0.572,7
0.221,0.356,0.065,2.703,0.404,1
0.022,0.231,0.043,2.859,0.472,9
0.3,0.403,0.081,2.164,0.223,4
-0.111,0.085,-0.001,3.257,0.493,1
0.148,0.291,0.057,2.304,0.398,6
0.197,0.375,0.053,2.589,0.358,12
0.177,0.421,0.061,3.277,0.477,8
0.168,0.394,0.057,2.567,0.384,8
0.422,0.572,0.089,2.318,0.188,5
0.178,0.32,0.06,2.799,0.366,5
0.149,0.311,0.054,2.655,0.354,10
-0.043,0.098,0.026,2.965,0.484,2
0.267,0.356,0.064,1.945,0.31,12
0.181,0.355,0.061,2.171,0.263,7
0.454,0.661,0.107,2.724,0.314,9
-0.019,0.175,0.03,2.56,0.4,8
-0.004,0.213,0.029,3.314,0.34,7
0.548,0.764,0.101,1.772,0.245,3
0.459,0.692,0.089,2.708,0.204,2
0.245,0.431,0.062,2.372,0.445,3
0.262,0.412,0.065,2.807,0.416,6
0.122,0.284,0.049,2,0.197,3
0.21,0.529,0.067,2.853,0.477,5
0.191,0.481,0.063,3.248,0.587,7
0.258,0.421,0.074,2.543,0.359,5
0.373,0.618,0.08,3.197,0.412,9
0.31,0.446,0.075,2.744,0.51,12
0.173,0.398,0.055,3.121,0.552,3
0.011,0.226,0.03,3.161,0.489,5
0.293,0.502,0.059,2.2,0.41,3
0.242,0.393,0.072,2.198,0.404,11
0.049,0.308,0.042,3.147,0.908,3
0.343,0.601,0.086,2.255,0.312,9
0.079,0.244,0.043,3.273,0.312,9
0.266,0.496,0.074,3.101,0.344,1
0.235,0.419,0.064,2.338,0.359,2
0.246,0.376,0.064,2.303,0.321,6
0.147,0.336,0.052,2.284,0.385,11
0.276,0.492,0.064,2.709,0.476,2
0.256,0.345,0.059,2.984,0.73,5
0.027,0.265,0.036,2.487,0.358,11
0.528,0.613,0.106,2.051,0.207,12
0.037,0.283,0.042,3.268,0.473,8
0.213,0.427,0.057,2.714,0.534,5
0.111,0.277,0.049,2.658,0.444,6
0.297,0.467,0.078,3.093,0.361,5
0.282,0.467,0.074,2.493,0.264,8
0.184,0.401,0.055,2.624,0.443,3
0.327,0.438,0.07,2.179,0.382,6
0.413,0.557,0.084,2.288,0.373,6
0.169,0.436,0.061,2.294,0.405,8
0.173,0.388,0.062,2.887,0.539,3
0.414,0.577,0.085,2.325,0.299,12
0.219,0.403,0.066,2.491,0.329,6
0.166,0.441,0.05,2.288,0.299,7
0.107,0.35,0.053,3.192,0.384,1
0.146,0.327,0.053,2.16,0.315,1
0.376,0.492,0.094,2.51,0.355,10
0.105,0.312,0.048,3.437,0.547,1
0.089,0.229,0.041,2.513,0.445,4
0.199,0.434,0.058,2.547,0.39,12
0.583,0.653,0.137,2.152,0.166,2
0.143,0.297,0.047,2.471,0.693,7
0.309,0.528,0.07,2.868,0.433,6
0.404,0.592,0.085,2.783,0.32,12
0.347,0.477,0.08,2.283,0.382,11
0.201,0.368,0.053,2.9,0.372,1
0.251,0.396,0.072,2.593,0.328,1
0.267,0.463,0.065,2.795,0.343,6
0.344,0.486,0.071,2.941,0.408,8
0.221,0.463,0.064,2.67,0.401,12
-0.004,0.107,0.047,2.813,0.218,7
0.269,0.373,0.067,2.295,0.375,7
0.122,0.338,0.045,3.395,0.768,5
0.206,0.458,0.067,2.667,0.376,5
0.525,0.672,0.096,2.82,0.308,8
0.239,0.438,0.063,2.754,0.345,6
0.084,0.302,0.049,2.741,0.529,1
0.113,0.438,0.05,3.863,0.569,4
0.201,0.386,0.062,2.759,0.323,2
0.128,0.254,0.052,2.089,0.379,6
0.042,0.3,0.046,2.593,0.397,11
0.122,0.427,0.047,3.771,0.464,10
0.529,0.68,0.117,2.561,0.274,5
0.08,0.27,0.043,2.49,0.448,12
0.074,0.34,0.05,3.625,0.603,11
0.047,0.275,0.038,3.077,0.478,6
0.144,0.391,0.045,2.933,0.332,9
0.309,0.517,0.069,2.126,0.286,12
0.16,0.327,0.053,2.823,0.371,9
0.122,0.255,0.054,2.552,0.431,10
0.217,0.326,0.045,2.522,0.295,1
0.373,0.512,0.086,2.218,0.267,6
0.225,0.345,0.065,2.262,0.348,7
0.15,0.393,0.054,3.911,0.498,9
0.06,0.305,0.044,2.384,0.314,11
0.466,0.548,0.103,2.365,0.29,11
0.332,0.424,0.073,2.324,0.353,3
0.455,0.553,0.098,2.946,0.506,7
0.319,0.416,0.071,2.799,0.294,11
0.401,0.585,0.083,2.457,0.234,12
0.283,0.49,0.076,2.428,0.327,9
0.1,0.265,0.035,2.493,0.249,7
0.197,0.402,0.063,2.4,0.361,7
0.118,0.387,0.058,2.835,0.468,12
0.317,0.459,0.079,3.093,0.449,11
0.188,0.327,0.052,2.879,0.339,6
0.439,0.577,0.096,3.155,0.208,9
0.41,0.622,0.089,2.237,0.413,5
0.266,0.416,0.07,2.994,0.404,6
0.037,0.223,0.04,2.678,0.418,6
0.029,0.274,0.042,3.272,0.587,3
0.076,0.362,0.046,2.15,0.407,8
0.08,0.271,0.044,2.552,0.359,8
0.061,0.189,0.04,3.568,0.713,9
0.301,0.448,0.067,2.938,0.391,4
0.048,0.205,0.042,2.125,0.46,11
0.281,0.495,0.066,2.334,0.34,6
0.2,0.452,0.067,2.737,0.457,12
0.155,0.3,0.052,3.16,0.521,2
0.475,0.544,0.102,2.492,0.353,5
0.399,0.472,0.088,2.545,0.33,2
0.18,0.36,0.056,2.973,0.371,6
0.053,0.318,0.04,2.996,0.482,12
0.254,0.385,0.065,3.058,0.304,12
0.02,0.234,0.04,2.597,0.568,3
0.315,0.376,0.075,2.328,0.526,6
0.325,0.471,0.066,3.096,0.401,3
0.166,0.35,0.062,2.976,0.415,3
0.291,0.473,0.065,2.294,0.41,10
0.21,0.456,0.056,2.843,0.566,3
0.197,0.301,0.057,2.92,0.197,1
0.197,0.3,0.067,2.135,0.24,6
0.21,0.435,0.065,2.955,0.407,10
0.022,0.217,0.034,2.643,0.402,1
0.296,0.431,0.061,2.398,0.569,12
0.028,0.298,0.051,2.615,0.518,6
0.059,0.221,0.045,2.007,0.396,3
0.285,0.468,0.071,2.376,0.423,8
0.358,0.618,0.093,3.114,0.473,1
0.102,0.284,0.053,2.707,0.351,8
0.059,0.269,0.027,2.23,0.368,6
0.246,0.337,0.059,2.516,0.29,8
0.031,0.265,0.04,3.236,0.609,10
0.122,0.225,0.04,3.562,0.504,10
0.045,0.275,0.045,3.017,0.316,7
0.145,0.295,0.058,2.342,0.276,5
0.251,0.43,0.072,2.626,0.42,12
-0.007,0.158,0.025,3.473,0.488,4
0.018,0.17,0.031,2.683,0.615,3
0.19,0.361,0.058,2.771,0.507,1
0.258,0.457,0.067,2.61,0.46,2
0.135,0.363,0.055,2.951,0.448,1
0.274,0.468,0.062,2.713,0.621,9
0.03,0.348,0.037,3.36,0.411,4
0.258,0.443,0.062,2.533,0.314,1
0.349,0.548,0.082,2.633,0.408,4
0.363,0.53,0.083,2.441,0.279,4
0.188,0.336,0.061,2.416,0.361,8
-0.045,0.147,0.021,3.371,0.575,6
0.31,0.462,0.068,2.454,0.365,10
0.097,0.314,0.052,2.52,0.383,5
0.157,0.357,0.048,2.767,0.324,5
0.366,0.523,0.079,2.236,0.347,9
0.205,0.293,0.06,2.693,0.35,6
0.24,0.367,0.077,2.809,0.236,11
0.32,0.543,0.081,2.649,0.408,5
0.28,0.425,0.075,2.458,0.299,1
0.366,0.603,0.079,2.766,0.406,9
0.108,0.343,0.054,3.44,0.562,10
0.094,0.349,0.046,2.604,0.489,5
0.328,0.48,0.077,2.465,0.407,7
0.284,0.443,0.069,2.233,0.301,3
0.37,0.553,0.083,2.386,0.293,7
0.296,0.375,0.07,2.113,0.365,6
0.006,0.269,0.045,3.182,0.567,10
0.153,0.419,0.062,2.951,0.531,1
0.259,0.453,0.06,3.506,0.506,4
0.324,0.398,0.071,2.55,0.335,7
0.27,0.312,0.061,2.106,0.207,5
0.139,0.31,0.044,2.483,0.377,8
0.19,0.407,0.052,3.287,0.48,1
0.199,0.319,0.071,2.807,0.435,3
0.626,0.83,0.126,2.368,0.273,8
0.268,0.43,0.069,1.966,0.272,3
0.301,0.449,0.069,3.11,0.43,6
0.172,0.325,0.061,2.807,0.354,12
0.088,0.238,0.044,3.153,0.601,7
0.214,0.4,0.053,2.408,0.442,9
0.27,0.624,0.084,2.8,0.135,2
0.297,0.471,0.075,2.303,0.296,10
0.302,0.419,0.065,2.622,0.456,3
0.179,0.434,0.064,3.292,0.361,3
0.376,0.444,0.084,2.894,0.542,10
0.197,0.421,0.057,2.112,0.386,11
0.143,0.31,0.055,2.202,0.316,3
0.077,0.253,0.05,3.076,0.46,4
0.281,0.472,0.072,2.809,0.469,1
0.081,0.253,0.045,2.438,0.465,6
0.445,0.602,0.092,1.895,0.327,7
0.203,0.362,0.057,2.59,0.438,7
0.337,0.49,0.078,3.031,0.428,8
0.246,0.418,0.069,2.983,0.456,2
0.276,0.388,0.064,3,0.392,7
0.025,0.172,0.028,2.689,0.45,9
0.222,0.252,0.052,2.405,0.411,6
0.272,0.458,0.063,2.976,0.428,1
0.242,0.382,0.058,2.644,0.416,5
0.31,0.609,0.066,2.453,0.399,9
0.158,0.361,0.053,3.093,0.417,4
0.127,0.354,0.055,2.581,0.413,1
0.479,0.543,0.099,2.344,0.339,5
0.394,0.64,0.079,2.57,0.353,12
0.218,0.405,0.063,2.543,0.418,8
0.065,0.23,0.046,2.474,0.345,12
0.23,0.421,0.065,3.112,0.519,10
0.392,0.456,0.082,2.808,0.33,6
0.1,0.307,0.044,3.338,0.454,7
0.304,0.388,0.074,2.805,0.448,5
0.239,0.463,0.065,2.924,0.34,2
0.232,0.335,0.062,1.969,0.281,8
0.311,0.367,0.074,1.935,0.366,1
0.008,0.121,0.03,2.109,0.446,9
-0.015,0.178,0.021,3.087,0.685,9
0.302,0.536,0.061,1.586,0.303,2
0.307,0.461,0.079,1.842,0.284,2
0.321,0.439,0.068,2.018,0.41,1
0.157,0.325,0.058,1.432,0.241,8
0.14,0.288,0.056,1.644,0.27,7
-0.011,0.324,0.024,1.88,0.273,11
0.144,0.297,0.055,1.483,0.357,6
0.275,0.373,0.068,1.547,0.233,4
0.012,0.115,0.028,1.602,0.345,3
0.142,0.271,0.058,1.609,0.266,6
0.26,0.385,0.071,1.725,0.309,10
0.236,0.283,0.059,1.889,0.419,5
0.346,0.389,0.078,1.773,0.398,3
0.367,0.334,0.067,1.593,0.385,7
0.033,0.212,0.035,2.412,0.337,10
0.106,0.224,0.046,2.039,0.391,11
0.16,0.303,0.049,1.735,0.328,2
0.396,0.423,0.087,1.52,0.27,7
0.066,0.283,0.047,1.908,0.368,2
-0.148,0.114,-0.003,2.02,0.4,9
0.14,0.242,0.052,1.257,0.302,3
0.301,0.459,0.076,1.978,0.303,9
0.164,0.366,0.059,2.318,0.375,8
0.203,0.408,0.042,1.798,0.425,2
0.098,0.34,0.052,2.606,0.578,1
0.231,0.274,0.063,1.736,0.292,8
0.236,0.378,0.072,1.793,0.211,4
0.256,0.453,0.066,2.279,0.314,8
0.145,0.431,0.057,1.921,0.207,11
0.142,0.235,0.05,1.849,0.355,7
0.293,0.438,0.067,1.634,0.332,3
0.06,0.246,0.05,1.417,0.226,10
0.319,0.418,0.081,1.286,0.335,11
0.36,0.401,0.092,1.464,0.218,11
0.217,0.278,0.054,2.062,0.356,7
0.24,0.341,0.062,1.557,0.412,7
0.115,0.23,0.05,1.966,0.271,8
0.219,0.269,0.066,1.052,0.267,3
0.263,0.433,0.061,1.98,0.394,9
0.111,0.181,0.043,1.15,0.283,6
0.307,0.409,0.075,1.464,0.321,8
0.137,0.341,0.052,2.143,0.275,11
0.11,0.199,0.051,1.816,0.293,9
0.092,0.229,0.046,1.736,0.326,3
0.211,0.229,0.067,0.971,0.187,12
0.19,0.366,0.052,1.94,0.306,12
-0.065,0.182,0.024,3.054,0.728,12
0.094,0.315,0.048,2.084,0.384,8
0.013,0.189,0.044,1.785,0.45,4
0.224,0.416,0.057,2.106,0.28,9
0.3,0.307,0.064,1.709,0.311,7
0.067,0.194,0.047,1.797,0.41,5
0.111,0.28,0.054,2.546,0.425,2
0.219,0.401,0.068,1.736,0.307,7
0.151,0.336,0.057,2.026,0.31,1
0.169,0.328,0.054,1.809,0.278,8
0.303,0.396,0.077,1.524,0.291,1
0.064,0.292,0.048,1.973,0.342,1
0.011,0.192,0.03,2.215,0.432,5
0.278,0.354,0.07,1.667,0.284,8
0.157,0.557,0.068,1.457,0.272,10
0.147,0.348,0.05,1.746,0.333,7
0.055,0.298,0.052,1.29,0.306,11
0.161,0.338,0.057,1.954,0.266,8
0.226,0.331,0.064,2.111,0.295,1
0.122,0.299,0.053,1.687,0.326,11
-0.045,0.132,0.031,1.858,0.419,1
0.134,0.299,0.054,1.13,0.24,6
0.065,0.223,0.042,1.879,0.327,7
0.143,0.335,0.054,2.132,0.529,5
0.098,0.218,0.051,1.175,0.233,12
0.017,0.198,0.039,1.397,0.414,11
0.091,0.266,0.052,2.14,0.184,10
-0.042,0.077,0.03,1.663,0.295,3
0.181,0.285,0.068,1.45,0.252,2
0.164,0.286,0.061,1.392,0.236,3
0.085,0.307,0.056,1.989,0.478,11
0.268,0.315,0.058,2.057,0.308,6
0.094,0.324,0.052,2.244,0.315,2
0.156,0.26,0.055,1.979,0.431,3
0.371,0.38,0.078,1.041,0.239,8
0.144,0.288,0.056,1.47,0.267,3
0.317,0.477,0.069,2.07,0.326,9
0.076,0.212,0.041,1.408,0.262,3
0.102,0.228,0.045,1.606,0.279,6
0.296,0.326,0.073,1.916,0.368,12
0.106,0.279,0.048,2.01,0.457,12
0.218,0.329,0.057,1.941,0.234,5
0.203,0.29,0.058,2.111,0.342,7
0.262,0.405,0.063,2.225,0.331,8
0.223,0.392,0.063,2.217,0.447,10
-0.001,0.157,0.031,1.832,0.311,12
0.228,0.411,0.065,1.777,0.348,1
0.187,0.304,0.059,1.835,0.25,11
0.023,0.26,0.041,2.018,0.37,11
0.093,0.308,0.049,1.661,0.319,4
0.223,0.269,0.061,1.854,0.243,12
0.169,0.316,0.054,1.95,0.294,9
0.474,0.421,0.106,1.444,0.243,4
0.209,0.302,0.063,1.701,0.247,5
0.247,0.39,0.066,2.618,0.5,2
0.169,0.223,0.059,1.298,0.354,5
0.122,0.227,0.046,2.208,0.231,8
0.165,0.357,0.069,0.78,0.272,11
0.067,0.242,0.046,1.681,0.271,9
0.428,0.473,0.089,2.197,0.421,6
0.109,0.282,0.042,2.346,0.281,3
0.415,0.482,0.093,1.646,0.163,3
0.309,0.348,0.085,1.259,0.213,5
0.165,0.273,0.057,2.287,0.468,12
0.035,0.156,0.041,1.784,0.286,1
0.231,0.309,0.057,2.033,0.256,4
0.08,0.263,0.046,2.092,0.34,2
0.145,0.262,0.051,1.579,0.306,11
0.122,0.271,0.05,2.056,0.345,11
0.114,0.307,0.05,2.114,0.402,7
0.331,0.46,0.083,2.258,0.275,5
0.052,0.203,0.047,1.346,0.309,5
0.296,0.39,0.075,1.671,0.317,12
0.201,0.317,0.063,1.494,0.344,6
0.38,0.496,0.079,2.339,0.423,4
0.05,0.25,0.04,2.148,0.739,1
0.242,0.451,0.062,1.99,0.277,10
0.121,0.205,0.049,1.526,0.391,11
0.259,0.381,0.071,1.489,0.249,6
0.262,0.511,0.077,2.774,0.384,10
0.275,0.442,0.086,1.444,0.202,10
0.139,0.213,0.052,1.451,0.296,7
0.28,0.357,0.066,1.809,0.297,7
0.207,0.287,0.059,1.39,0.366,11
0.215,0.337,0.053,1.639,0.281,11
0.232,0.405,0.07,1.669,0.325,9
0.299,0.378,0.081,1.47,0.381,5
0.123,0.312,0.054,2.085,0.427,4
0.235,0.393,0.069,2.09,0.526,11
-0.037,0.039,0.034,1.429,0.121,6
0.441,0.517,0.083,1.644,0.236,8
0.532,0.561,0.113,1.044,0.133,5
0.059,0.253,0.047,2.359,0.397,1
0.006,0.103,0.036,2.181,0.381,5
0.095,0.216,0.045,1.339,0.259,6
0.103,0.299,0.052,1.794,0.366,6
0.189,0.34,0.054,1.615,0.279,4
0.166,0.253,0.055,1.946,0.291,11
0.121,0.184,0.044,1.734,0.454,7
0.255,0.365,0.063,2.179,0.485,9
0.116,0.311,0.054,1.878,0.328,7
0.225,0.218,0.063,1.422,0.203,12
0.146,0.236,0.047,1.935,0.273,10
0.115,0.282,0.052,1.945,0.31,1
0.08,0.282,0.048,2.09,0.293,10
0.076,0.267,0.043,1.915,0.336,2
0.048,0.195,0.045,1.939,0.295,7
0.149,0.29,0.054,2.003,0.211,1
0.344,0.435,0.067,1.479,0.181,12
0.169,0.335,0.057,1.613,0.27,8
0.061,0.312,0.045,2.251,0.442,9
0.127,0.225,0.043,2.518,0.332,7
0.292,0.439,0.068,1.971,0.261,8
0.094,0.152,0.046,1.064,0.269,3
0.076,0.268,0.038,2.352,0.34,1
0.373,0.456,0.084,1.615,0.249,2
0.108,0.29,0.06,1.723,0.338,1
0.167,0.235,0.058,2.187,0.389,10
0.068,0.166,0.051,1.569,0.269,2
0.237,0.352,0.062,1.671,0.231,11
0.068,0.247,0.04,1.494,0.31,12
0.408,0.451,0.082,1.833,0.206,4
0.065,0.202,0.042,2.108,0.316,11
-0.044,0.109,0.023,1.5,0.351,3
0.062,0.173,0.04,2.412,0.362,4
0.271,0.429,0.064,2.254,0.279,12
0.139,0.283,0.059,1.654,0.336,3
0.265,0.399,0.067,1.651,0.291,7
0.117,0.18,0.042,1.95,0.523,6
0.38,0.454,0.081,1.707,0.271,12
0.224,0.441,0.062,2.412,0.297,9
0.42,0.5,0.086,1.822,0.31,5
0.047,0.205,0.042,2.099,0.438,1
0.138,0.234,0.049,1.44,0.274,11
0.113,0.304,0.048,1.77,0.343,6
0.35,0.467,0.077,2.15,0.403,2
0.121,0.25,0.056,1.672,0.316,12
0.016,0.288,0.038,1.801,0.443,12
0.022,0.184,0.037,1.518,0.235,11
0.275,0.358,0.07,1.143,0.252,8
0.148,0.244,0.053,1.225,0.487,11
0.163,0.309,0.054,1.713,0.308,8
0.053,0.161,0.039,1.621,0.271,2
0.106,0.172,0.05,1.322,0.208,6
0.189,0.262,0.062,1.453,0.257,7
0.08,0.213,0.054,1.909,0.352,3
0.073,0.217,0.045,1.974,0.357,12
0.226,0.387,0.065,1.74,0.337,10
0.304,0.428,0.07,2.259,0.374,10
0.149,0.321,0.055,2.33,0.362,4
0.076,0.24,0.049,1.549,0.311,6
0.091,0.252,0.053,1.883,0.306,11
0.327,0.504,0.074,1.867,0.244,7
0.414,0.491,0.094,1.126,0.208,11
0.186,0.382,0.068,1.489,0.267,11
0.145,0.315,0.059,1.498,0.214,7
0.317,0.38,0.068,1.478,0.395,12
0.388,0.418,0.082,1.098,0.17,1
0.445,0.475,0.101,1.312,0.149,9
0.094,0.357,0.049,1.374,0.304,3
0.343,0.363,0.077,1.292,0.228,10
0.168,0.363,0.065,1.679,0.338,5
0.226,0.407,0.058,2.182,0.438,2
0.181,0.324,0.056,1.791,0.287,3
0.274,0.377,0.062,1.374,0.326,11
0.261,0.361,0.07,1.563,0.241,2
0.432,0.521,0.082,1.484,0.205,3
0.171,0.26,0.063,1.131,0.267,3
0.283,0.36,0.068,2.128,0.3,1
0.062,0.225,0.048,2.245,0.48,5
0.08,0.272,0.044,2.169,0.457,6
0.061,0.282,0.051,1.88,0.284,11
0.2,0.397,0.076,2.203,0.243,7
0.221,0.377,0.061,1.327,0.329,6
0.095,0.286,0.047,2.448,0.427,12
0.052,0.214,0.038,1.69,0.462,6
0.296,0.376,0.071,2.363,0.329,10
0.169,0.372,0.05,1.229,0.307,11
0.151,0.294,0.058,1.978,0.319,5
0.312,0.363,0.078,1.585,0.323,8
0.112,0.256,0.056,1.79,0.363,1
0.16,0.351,0.055,2.209,0.312,9
0.015,0.141,0.036,1.807,0.454,8
0.237,0.323,0.062,1.68,0.288,3
0.235,0.337,0.063,2.464,0.317,8
0.27,0.38,0.068,1.418,0.246,8
0.39,0.371,0.083,1.146,0.367,12
0.516,0.576,0.106,2.121,0.307,8
0.205,0.41,0.062,2.341,0.404,8
0.254,0.348,0.068,1.845,0.272,6
0.035,0.187,0.038,2.187,0.445,5
0.355,0.481,0.081,1.623,0.242,11
0.346,0.375,0.087,1.342,0.236,6
0.337,0.433,0.073,1.281,0.287,3
0.123,0.269,0.047,1.13,0.212,3
-0.093,-0.012,0.018,1.532,0.345,3
0.177,0.301,0.061,2.081,0.269,12
0.342,0.397,0.075,1.89,0.383,11
0.127,0.239,0.055,1.417,0.195,8
0.073,0.233,0.046,1.648,0.283,12
0.084,0.298,0.047,2.411,0.361,9
0.381,0.47,0.082,1.786,0.236,3
0.109,0.265,0.054,1.697,0.345,9
0.204,0.375,0.06,1.778,0.307,8
0.145,0.343,0.051,2.336,0.443,1
0.122,0.21,0.051,1.941,0.475,2
0.264,0.382,0.075,1.481,0.393,8
0.027,0.164,0.033,1.925,0.336,4
0.107,0.309,0.044,2.209,0.342,5
0.059,0.171,0.042,1.894,0.22,5
0.196,0.351,0.066,2.043,0.28,1
0.147,0.347,0.053,2.217,0.392,1
0.385,0.534,0.082,2.037,0.263,7
0.021,0.12,0.026,2.177,0.376,10
0.358,0.484,0.079,1.498,0.234,11
0.094,0.263,0.052,1.716,0.34,3
0.131,0.313,0.055,1.743,0.364,12
0.24,0.372,0.069,1.892,0.343,9
0.052,0.254,0.038,1.95,0.406,8
0.16,0.264,0.056,1.815,0.26,1
0.188,0.277,0.056,1.968,0.374,4
-0.004,0.214,0.035,2.198,0.367,12
0.162,0.376,0.06,1.817,0.214,2
0.014,0.132,0.034,1.685,0.298,11
0.202,0.3,0.061,2.069,0.259,6
-0.013,0.124,0.031,2.344,0.74,4
0.179,0.34,0.053,2.122,0.406,9
0.073,0.308,0.051,1.604,0.219,4
0.447,0.461,0.08,1.546,0.176,12
0.328,0.375,0.071,1.635,0.277,12
0.504,0.582,0.104,1.861,0.325,1
0.302,0.359,0.067,1.821,0.33,10
0.325,0.416,0.082,1.676,0.446,10
0.18,0.272,0.055,1.408,0.336,11
0.576,0.582,0.117,1.208,0.218,11
0.249,0.432,0.07,1.747,0.35,2
0.171,0.324,0.062,2.728,0.375,10
0.28,0.473,0.071,1.574,0.326,9
0.177,0.291,0.06,1.79,0.276,4
0.114,0.223,0.05,1.479,0.402,3
0.211,0.302,0.06,1.059,0.246,6
0.118,0.221,0.047,1.536,0.352,7
0.158,0.216,0.053,1.213,0.257,3
0.286,0.446,0.062,1.844,0.493,3
0.189,0.223,0.06,1.352,0.364,3
0.064,0.24,0.045,2.258,0.351,12
0.06,0.213,0.045,1.411,0.31,8
0.496,0.655,0.108,1.797,0.122,12
0.291,0.376,0.068,1.902,0.308,9
0.228,0.396,0.071,1.652,0.265,5
0.312,0.441,0.072,1.873,0.416,3
0.179,0.355,0.061,1.626,0.282,2
0.031,0.205,0.042,1.534,0.332,7
0.096,0.216,0.045,1.397,0.247,1
0.201,0.286,0.061,1.608,0.228,12
0.356,0.409,0.073,2.028,0.32,2
0.16,0.32,0.05,1.802,0.317,10
0.119,0.316,0.059,1.775,0.337,1
0.098,0.244,0.048,1.24,0.317,8
0.092,0.318,0.054,1.213,0.546,7
0.172,0.319,0.06,1.736,0.269,7
0.156,0.38,0.059,2.514,0.486,10
0.18,0.335,0.064,1.814,0.327,3
0.192,0.366,0.059,1.745,0.294,3
0.452,0.458,0.101,1.864,0.21,5
0.021,0.271,0.039,2.311,0.329,6
0.071,0.214,0.048,2.019,0.376,7
0.146,0.194,0.041,1.603,0.228,5
0.462,0.528,0.095,1.792,0.34,9
0.066,0.218,0.044,1.475,0.346,11
0.194,0.31,0.053,2.058,0.392,9
0.212,0.4,0.066,1.967,0.291,4
0.11,0.242,0.051,1.461,0.355,6
0.24,0.365,0.068,1.559,0.343,2
0.215,0.342,0.067,1.831,0.303,1
0.227,0.409,0.059,1.88,0.41,5
0.258,0.392,0.076,1.996,0.257,2
0.118,0.276,0.054,1.203,0.277,6
0.132,0.204,0.056,1.324,0.331,11
0.253,0.446,0.066,1.438,0.304,2
0.039,0.22,0.037,1.835,0.366,8
0.163,0.403,0.055,1.832,0.474,6
0.291,0.33,0.08,1.722,0.249,8
0.183,0.374,0.059,1.785,0.361,10
0.224,0.364,0.07,2.039,0.444,9
0.166,0.36,0.061,2.007,0.38,8
0.068,0.306,0.051,1.64,0.31,7
0.169,0.37,0.062,2.243,0.353,2
0.25,0.382,0.064,2.17,0.331,1
0.339,0.423,0.073,1.737,0.229,7
0.268,0.399,0.07,1.473,0.286,5
0.043,0.218,0.04,1.514,0.329,7
0.131,0.238,0.052,1.519,0.276,6
0.091,0.128,0.044,1.967,0.231,10
0.278,0.3,0.067,1.616,0.33,8
0.155,0.224,0.055,1.147,0.236,11
0.301,0.381,0.068,2.117,0.365,7
0.144,0.25,0.056,1.539,0.401,7
0.336,0.45,0.075,1.857,0.381,8
0.299,0.401,0.081,1.331,0.224,10
0.21,0.259,0.068,1.106,0.28,3
0.3,0.34,0.068,2.071,0.389,8
0.267,0.332,0.069,1.631,0.233,3
0.25,0.264,0.062,2.101,0.434,3
0.201,0.346,0.058,2.465,0.4,5
-0.022,0.102,0.027,1.826,0.355,12
0.073,0.163,0.039,1.588,0.275,7
0.277,0.329,0.075,1.679,0.244,8
0.131,0.243,0.047,2.194,0.357,12
0.145,0.224,0.05,2.017,0.382,5
0.454,0.544,0.096,1.784,0.9,4
0.128,0.224,0.059,1.628,0.287,8
0.168,0.296,0.057,2.447,0.399,1
0.295,0.492,0.071,2.26,0.43,2
0.388,0.498,0.088,2.243,0.364,8
0.027,0.212,0.038,2.409,0.282,1
0.498,0.583,0.117,0.977,0.209,11
0.233,0.32,0.058,2.234,0.272,4
0.119,0.227,0.056,1.552,0.268,11
0.388,0.517,0.087,1.55,0.215,6
0.204,0.195,0.061,1.901,0.375,2
0.342,0.421,0.071,2.78,0.367,9
0.124,0.274,0.052,1.413,0.294,11
0.229,0.366,0.065,1.427,0.275,5
0.125,0.208,0.041,2.227,0.368,3
0.142,0.244,0.062,1.291,0.411,6
0.162,0.368,0.058,2.021,0.198,6
0.256,0.326,0.065,1.377,0.229,8
0.202,0.382,0.057,2.649,0.487,9
0.265,0.384,0.065,1.852,0.368,4
0.023,0.18,0.034,2.373,0.272,1
0.332,0.422,0.08,1.449,0.191,8
0.172,0.351,0.065,2.064,0.337,5
0.139,0.312,0.054,1.576,0.25,12
0.292,0.424,0.075,1.827,0.276,12
0.249,0.366,0.068,2.014,0.29,1
0.137,0.345,0.056,1.976,0.315,8
0.054,0.266,0.047,1.448,0.281,7
0.034,0.182,0.034,2.604,0.544,2
0.087,0.229,0.044,1.611,0.454,2
0.319,0.341,0.088,1.078,0.21,11
0.147,0.265,0.053,2.092,0.434,1
0.198,0.411,0.063,2.341,0.39,10
-0.043,0.1,0.022,2.234,0.373,8
0.104,0.327,0.058,1.839,0.306,3
0.158,0.305,0.052,1.658,0.357,9
0.156,0.321,0.056,1.915,0.326,6
0.243,0.373,0.068,2.002,0.287,1
0.081,0.233,0.043,1.723,0.355,12
0.275,0.403,0.064,2.011,0.354,12
0.398,0.527,0.085,2.051,0.316,2
0.442,0.501,0.091,2.561,0.452,9
0.289,0.452,0.068,1.756,0.41,7
0.056,0.326,0.041,2.265,0.446,10
0.132,0.356,0.05,2.447,0.354,10
0.251,0.32,0.068,1.766,0.304,3
0.1,0.302,0.049,1.914,0.332,2
0.099,0.187,0.044,1.948,0.481,11
0.18,0.333,0.058,2.189,0.324,1
0.01,0.163,0.037,2.032,0.584,2
0.161,0.332,0.059,2.01,0.363,9
0.221,0.333,0.063,1.761,0.304,5
0.176,0.299,0.063,1.682,0.22,7
0.264,0.424,0.062,2.314,0.382,10
0.025,0.225,0.039,2.02,0.292,12
0.105,0.338,0.054,2.437,0.445,9
0.461,0.55,0.106,1.705,0.354,9
0.35,0.566,0.091,2.088,0.26,8
0.155,0.247,0.058,1.707,0.314,6
0.165,0.344,0.06,2.46,0.662,1
-0.02,0.18,0.026,2.461,0.385,8
0.213,0.312,0.061,1.209,0.334,5
0.208,0.333,0.065,1.734,0.234,11
0.517,0.573,0.105,1.353,0.221,11
0.297,0.314,0.064,1.529,0.259,12
0.215,0.285,0.065,1.853,0.338,3
0.133,0.35,0.055,2,0.329,12
0.197,0.299,0.059,1.827,0.274,9
0.183,0.493,0.058,2.135,0.344,2
0.131,0.298,0.056,2.102,0.35,7
0.142,0.308,0.056,1.516,0.333,5
0.246,0.44,0.078,1.75,0.232,4
0.037,0.226,0.04,1.483,0.19,6
0.131,0.214,0.05,1.791,0.457,11
0.112,0.311,0.056,1.826,0.421,6
0.259,0.274,0.072,2.051,0.376,6
0.102,0.296,0.045,1.555,0.417,8
-0.058,0.131,0.007,1.733,0.336,6
0.35,0.38,0.082,1.385,0.152,8
0.229,0.347,0.062,1.171,0.321,7
0.074,0.241,0.05,2.452,0.322,1
0.473,0.562,0.097,1.493,0.172,8
0.085,0.23,0.043,2.189,0.338,9
0.283,0.39,0.07,2.652,0.333,10
0.458,0.515,0.108,1.87,0.173,2
0.495,0.66,0.105,1.317,0.225,11
0.127,0.314,0.055,1.71,0.319,5
0.244,0.422,0.065,1.67,0.289,5
0.027,0.212,0.035,1.596,0.278,9
0.008,0.147,0.03,2.762,0.576,10
0.302,0.465,0.065,2.439,0.404,4
0.266,0.441,0.068,2.248,0.299,7
0.038,0.212,0.037,1.996,0.382,12
0.344,0.402,0.075,1.602,0.216,9
0.003,0.135,0.036,1.722,0.393,8
0.377,0.509,0.078,1.861,0.29,9
0.053,0.207,0.037,2.406,0.384,10
0.12,0.267,0.058,1.978,0.234,4
0.3,0.513,0.066,1.705,0.297,1
-0.136,-0.024,-0.01,2.221,0.306,9
0.209,0.262,0.071,1.723,0.282,8
0.487,0.636,0.099,1.717,0.312,12
0.21,0.355,0.057,2.197,0.376,3
-0.052,0.169,0.002,2.586,0.546,4
0.279,0.468,0.072,1.681,0.272,4
0.193,0.42,0.046,1.468,0.295,3
0.085,0.332,0.047,1.783,0.261,4
0.454,0.606,0.095,1.044,0.221,11
-0.003,0.149,0.028,1.927,0.254,5
0.31,0.402,0.07,2.148,0.336,7
0.263,0.467,0.071,1.507,0.2,12
0.187,0.33,0.063,1.289,0.197,6
0.235,0.296,0.062,2.241,0.345,3
0.057,0.133,0.041,1.537,0.33,6
0.177,0.373,0.06,1.797,0.246,5
0.197,0.471,0.067,2.304,0.602,1
0.326,0.337,0.078,1.727,0.255,7
0.086,0.303,0.049,1.481,0.236,3
0.163,0.25,0.057,1.587,0.275,4
0.066,0.197,0.043,1.742,0.317,7
0.06,0.289,0.051,1.79,0.259,10
0.215,0.317,0.059,2.101,0.361,1
0.306,0.473,0.071,2.16,0.396,4
0.065,0.23,0.042,2.205,0.285,4
0.174,0.266,0.054,1.665,0.501,7
0.141,0.298,0.051,1.775,0.404,3
0.284,0.451,0.077,1.69,0.233,7
0.013,0.226,0.038,1.16,0.459,6
0.092,0.228,0.045,1.895,0.248,7
0.264,0.373,0.068,1.825,0.371,9
0.303,0.354,0.076,1.809,0.218,8
0.126,0.244,0.041,2.108,0.306,7
0.329,0.365,0.083,0.907,0.172,2
0.359,0.456,0.092,1.971,0.208,5
0.294,0.463,0.073,1.438,0.219,11
0.072,0.179,0.046,1.899,0.559,7
0.071,0.19,0.034,2.691,0.555,2
0.391,0.554,0.072,1.21,0.213,8
0.079,0.222,0.043,1.897,0.393,8
0.229,0.298,0.071,1.395,0.309,6
0.157,0.329,0.057,1.998,0.281,5
0.186,0.326,0.058,1.5,0.352,7
0.14,0.321,0.052,2.417,0.462,5
0.328,0.449,0.068,2.447,0.281,10
0.054,0.162,0.039,2.251,0.183,4
-0.044,0.17,0.029,1.931,0.448,3
0.317,0.395,0.083,1.857,0.229,4
0.384,0.444,0.081,1.441,0.209,3
0.192,0.285,0.063,1.603,0.247,12
0.323,0.453,0.082,1.79,0.131,5
0.012,0.233,0.035,2.219,0.482,7
0.052,0.289,0.048,1.979,0.287,4
0.262,0.4,0.058,2.135,0.402,6
-0.028,0.128,0.03,2.487,0.462,2
0.42,0.489,0.085,1.534,0.238,3
-0.057,0.124,0.013,2.921,0.557,4
-0.07,0.073,0.007,1.487,0.356,12
-0.031,0.14,0.037,2.301,0.486,8
0.239,0.351,0.064,1.788,0.343,4
0.085,0.261,0.049,2.075,0.356,10
0.233,0.4,0.062,1.927,0.322,9
0.104,0.339,0.049,2.402,0.35,2
0.176,0.438,0.058,2.542,0.387,4
-0.104,0.058,0.011,2.344,0.385,5
0.067,0.273,0.043,2.309,0.313,2
0.211,0.338,0.056,2.028,0.368,1
0.073,0.265,0.045,1.861,0.383,5
0.231,0.309,0.06,1.881,0.391,3
0.035,0.256,0.044,2.484,0.394,2
0.182,0.333,0.056,2.321,0.394,8
0.098,0.306,0.042,1.586,0.354,6
0.524,0.49,0.103,1.516,0.315,11
0.062,0.335,0.044,2.203,0.537,9
0.038,0.214,0.037,2.279,0.281,3
0.285,0.475,0.071,2.164,0.355,9
0.268,0.389,0.069,2.431,0.325,12
0.333,0.298,0.083,1.586,0.329,6
0.078,0.287,0.049,2.36,0.268,9
-0.028,0.1,0.029,1,0.312,6
0.588,0.634,0.13,0.846,0.149,11
0.405,0.561,0.07,1.99,0.639,6
-0.001,0.184,0.033,1.977,0.317,12
0.185,0.304,0.061,1.693,0.321,3
0.189,0.315,0.063,1.929,0.232,3
0.169,0.3,0.052,1.45,0.326,3
-0.044,0.094,0.026,2.219,0.629,4
0.325,0.426,0.083,1.854,0.259,4
0.26,0.374,0.069,1.383,0.243,11
0.274,0.426,0.07,1.632,0.286,8
0.007,0.226,0.046,1.983,0.27,6
0.232,0.373,0.066,2.289,0.263,1
0.118,0.241,0.055,1.614,0.304,2
0.465,0.547,0.092,1.566,0.271,5
0.14,0.23,0.054,1.889,0.29,6
0.079,0.262,0.047,1.804,0.31,2
0.32,0.446,0.079,1.709,0.266,4
0.285,0.361,0.066,1.575,0.287,12
0.365,0.469,0.082,1.405,0.226,3
0.053,0.207,0.043,2.021,0.406,12
0.229,0.456,0.071,2.076,0.308,11
0.191,0.264,0.054,1.622,0.321,6
0.424,0.523,0.091,2.179,0.395,10
0.147,0.405,0.059,2.205,0.377,9
0.296,0.395,0.069,1.99,0.394,4
0.062,0.279,0.041,2.397,0.362,8
0.127,0.26,0.052,1.7,0.241,9
0.3,0.361,0.079,1.652,0.283,12
0.101,0.203,0.05,0.917,0.2,3
0.315,0.332,0.076,1.031,0.165,6
0.148,0.329,0.057,1.684,0.312,6
0.264,0.473,0.07,1.888,0.492,8
0.352,0.528,0.074,2.193,0.336,2
0.28,0.384,0.07,2.154,0.446,7
0.259,0.414,0.06,1.755,0.247,2
0.085,0.249,0.044,2.076,0.332,9
-0.117,-0.799,0.01,0.179,0.082,4
-0.108,-0.615,0.017,0.145,0.104,11
-0.168,-1.86,-0.012,0.045,0.051,2
-0.056,-0.265,0.023,0.146,0.075,12
-0.083,-0.449,0.023,0.08,0.072,10
-2.231,-2.32,-0.366,0.26,0.088,3
-0.008,-0.123,0.03,0.158,0.078,8
-0.314,-1.972,-0.076,0.043,0.085,1
-0.017,-0.191,0.022,0.179,0.101,5
-0.09,-0.887,0.016,0.333,0.146,1
-0.071,-0.571,-0.001,0.313,0.084,5
-0.529,-1.857,-0.101,0.155,0.107,8
-0.572,-1.913,-0.106,0.045,0.059,8
-0.427,-1.914,-0.025,0.038,0.067,5
-0.06,-0.335,0.021,0.145,0.098,9
0.058,-0.23,0.049,0.119,0.081,2
-0.043,-0.816,0.035,0.047,0.041,4
0.022,-0.266,0.03,0.218,0.082,10
-0.094,-0.373,0.022,0.102,0.114,4
-0.213,-0.629,-0.033,0.563,0.294,3
-0.104,-0.626,0.015,0.142,0.081,3
-0.35,-1.346,-0.038,0.161,0.136,4
-0.112,-1.74,-0,0.061,0.089,4
-0.093,-0.761,0.012,0.169,0.118,2
-0.155,-0.777,-0.017,0.296,0.139,2
-0.087,-0.634,0.007,0.085,0.084,10
-0.564,-1.94,-0.035,0.145,0.096,8
-0.499,-1.546,-0.039,0.158,0.256,5
-0.013,-0.465,0.029,0.106,0.079,11
-0.028,-0.356,0.025,0.218,0.095,9
-0.328,-1.846,-0.091,0.065,0.072,6
-0.101,-0.65,0.012,0.136,0.106,8
-0.727,-1.841,-0.132,0.059,0.093,12
-0.003,-0.365,0.035,0.112,0.084,6
-0.184,-1.523,-0.005,0.092,0.096,1
-0.078,-0.356,0.02,0.194,0.096,4
-0.272,-2.315,-0.027,0.026,0.038,3
-0.635,-2.368,-0.259,0.182,0.156,9
-0.167,-1.085,0.012,0.074,0.081,7
-0.47,-2.645,-0.11,0.037,0.05,6
-0.015,-1.515,0.028,0.054,0.052,1
-0.103,-1.007,-0.017,0.063,0.076,11
-0.044,-1.781,-0.017,0.05,0.05,11
-0.184,-0.672,-0.017,0.428,0.205,10
-0.196,-0.602,0.008,0.148,0.093,8
-0.071,-0.567,0.006,0.075,0.088,11
0.052,-0.254,0.036,0.105,0.07,2
-0.049,-0.482,0.029,0.213,0.108,5
-0.04,-0.285,0.024,0.224,0.123,10
-0.14,-0.709,0.018,0.129,0.113,5
-0.167,-1.609,-0.002,0.071,0.075,12
-0.452,-0.885,-0.073,0.323,0.134,9
-0.048,-0.588,0.026,0.096,0.1,3
-0.239,-0.741,-0.044,0.169,0.129,5
-0.097,-0.636,0.012,0.178,0.093,9
0.193,-1.032,0.055,0.023,0.032,4
-0.536,-0.976,-0.087,0.251,0.348,8
-0.601,-2.04,-0.362,0.081,0.179,11
0.013,-0.442,0.024,0.258,0.103,7
0.038,-0.547,0.038,0.062,0.092,4
0.002,-0.381,0.038,0.124,0.068,9
-0.881,-1.894,-0.248,0.219,0.11,7
-0.157,-0.623,-0.006,0.202,0.124,9
-0.011,-0.595,0.022,0.033,0.061,5
-0.118,-0.861,0.017,0.096,0.116,6
-0.104,-0.674,-0.005,0.448,0.162,6
-0.068,-0.391,0.021,0.259,0.108,2
0.032,-0.534,0.039,0.084,0.067,2
0.015,-0.183,0.034,0.134,0.108,9
-0.027,-0.208,0.026,0.177,0.111,2
-0.086,-0.777,0.01,0.129,0.076,1
-0.877,-1.391,-0.21,0.228,0.217,2
0.076,-0.194,0.044,0.056,0.062,9
-0.009,-0.2,0.026,0.16,0.105,8
-0.522,-0.836,-0.036,0.441,0.224,1
0.025,-0.284,0.053,0.085,0.058,4
-0.072,-0.476,0.011,0.328,0.138,9
-0.068,-0.406,0.009,0.174,0.077,11
-0.052,-0.461,0.014,0.142,0.098,8
-0.042,-0.596,0.023,0.178,0.116,10
-0.019,-0.792,0.03,0.047,0.065,10
-0.162,-0.678,-0.012,0.268,0.136,10
-0.148,-0.848,-0.002,0.148,0.076,6
-0.199,-1.822,-0.034,0.066,0.058,1
-0.322,-0.738,-0.086,0.349,0.201,2
0.032,-0.624,0.034,0.09,0.067,10
-0.079,-0.637,0.02,0.158,0.084,8
-0.058,0.017,0.026,0.334,0.099,4
-0.162,-0.297,-0.017,0.535,0.123,2
-0.094,-1.043,0.003,0.135,0.162,10
-0.859,-1.483,-0.104,0.063,0.235,5
-0.07,-0.389,0.024,0.126,0.105,5
-0.08,-0.737,0.012,0.372,0.896,8
-0.102,-0.535,0.017,0.231,0.104,9
-0.076,-1.458,-0.04,0.053,0.051,12
-0.052,-1.31,0.008,0.066,0.069,12
-0.462,-0.802,-0.051,0.243,0.116,1
-0.059,-0.934,0.022,0.05,0.05,4
0.078,-0.362,0.035,0.065,0.08,10
-0.135,-1.8,-0,0.076,0.071,2
-0.012,-0.616,0.022,0.041,0.05,9
-0.726,-3.067,-0.029,0.029,0.056,1
-0.051,-0.729,0.031,0.052,0.055,12
-0.019,-0.054,0.033,0.21,0.107,8
-0.04,-0.223,0.023,0.364,0.122,10
-0.1,-0.703,0.025,0.066,0.06,5
-0.067,-0.441,0.004,0.258,0.092,7
-0.076,-0.526,0.017,0.084,0.067,10
-0.092,-0.167,0.012,0.43,0.193,10
-0.285,-1.803,-0.011,0.03,0.042,1
-0.026,-0.326,0.026,0.153,0.117,12
-0.061,-0.321,0.018,0.163,0.083,5
-0.132,-0.528,-0.017,0.255,0.093,1
-0.08,-0.178,0.019,0.225,0.122,10
-2.246,-3.285,-0.591,0.043,0.093,4
-0.54,-2.254,-0.13,0.123,0.333,7
-0.135,-0.281,-0.01,0.583,0.251,2
-0.091,-0.879,0.001,0.11,0.047,7
-0.307,-1.787,-0.035,0.075,0.082,2
-0.54,-2.643,-0.029,0.031,0.041,7
-0.74,-0.875,-0.361,0.211,0.135,8
-0.4,-2.034,-0.029,0.029,0.055,6
-0.065,-0.474,0.018,0.141,0.086,1
-0.055,-0.621,0.008,0.088,0.096,9
-0.105,-0.854,0.006,0.098,0.104,7
-0.062,-0.707,0.034,0.107,0.197,11
-0.866,-0.702,-0.11,1.109,0.359,12
-0.147,-0.107,0.005,0.399,0.17,9
-0.215,-0.993,-0.005,0.18,0.075,6
-0.162,-0.777,-0.008,0.364,0.1,7
